id_fkt,fkt,firaisana,distrika
117450003,Zafimbazahakely,Ambalavao,Antananarivo Atsimondrano
104010006,Voninahitrinitany II,Ankazobe,Ankazobe
104010015,Voninahitrinitany I,Ankazobe,Ankazobe
104072005,Voninahitrinitany,Marondry,Ankazobe
117090003,Vonelina,Fiombonana,Antananarivo Atsimondrano
117170004,Volotara Firaisana,Andoharanofotsy,Antananarivo Atsimondrano
101002007,Volosarika Ambanidia,2e Arrondissement,2e Arrondissement
106271006,Volazato,Ambohitseheno,Manjakandriana
106011010,Volavy Gara,Manjakandriana,Manjakandriana
104110005,Volaniray,Mahavelona,Ankazobe
107310006,Vohitsara,Ambohibary Vohilena,Anjozorobe
107130003,Vohitrandriana,Ambohimanarina Marovazaha,Anjozorobe
107110007,Vodivato,Tsarasaotra,Anjozorobe
103390010,Vatovandana,Ambato,Ambohidratrimo
117430011,Vatovaky,Tsiafahy,Antananarivo Atsimondrano
115071015,Vatosoa,Alatsinainy Bakaro,Andramasina
103210012,Vangaina,Ampanotokana,Ambohidratrimo
102319010,Vakinampasika,Ambohimanga Rova,Antananarivo Avaradrano
117330003,Vahilava,Soavina,Antananarivo Atsimondrano
107190006,Tsivakiana,Analaroa,Anjozorobe
106371004,Tsitiabedy,Ambohitrolomahitsy,Manjakandriana
104090011,Tsitakondaza,Fihaonana,Ankazobe
104010011,Tsisangaina,Ankazobe,Ankazobe
104130008,Tsinjorano,Fiadanana,Ankazobe
104150012,Tsinjorano,Tsaramasoandro,Ankazobe
105130009,Tsinjorano,Imerintsiatosika,Arivonimamo
104090002,Tsimiamboholahy,Fihaonana,Ankazobe
101004013,Tsimialonjafy,4e Arrondissement,4e Arrondissement
104090005,Tsimialona,Fihaonana,Ankazobe
104110011,Tsilokana,Mahavelona,Ankazobe
117350004,Tsilazaina,Ambohijanaka,Antananarivo Atsimondrano
106271008,Tsifenokova,Ambohitseheno,Manjakandriana
106310010,Tsiazompaniry,Merikanjaka,Manjakandriana
104150011,Tsiazokararo,Tsaramasoandro,Ankazobe
104110009,Tsiaverindoa,Mahavelona,Ankazobe
104210012,Tsiafahy,Kiangara,Ankazobe
117430014,Tsiafahy,Tsiafahy,Antananarivo Atsimondrano
101002006,Tsiadana,2e Arrondissement,2e Arrondissement
105130012,Tsenamasoandro,Imerintsiatosika,Arivonimamo
103090008,Tsarazaza Andriantany,Iarinarivo,Ambohidratrimo
105130003,Tsarazaza,Imerintsiatosika,Arivonimamo
106271007,Tsarazaza,Ambohitseheno,Manjakandriana
115170003,Tsarazaza,Anosibe Trimoloharano,Andramasina
117110003,Tsarazaza,Itaosy,Antananarivo Atsimondrano
104110004,Tsaratobisoa,Mahavelona,Ankazobe
105170003,Tsaratanana,Ambatomirahavavy,Arivonimamo
103171014,Tsarasaotra,Merimandroso,Ambohidratrimo
106050006,Tsarasaotra,Ambohibary,Manjakandriana
106352006,Tsarasaotra,Soavinandriana,Manjakandriana
107110003,Tsarasaotra,Tsarasaotra,Anjozorobe
115091011,Tsarasaotra,Ambohimiadana,Andramasina
117210002,Tsararirinina,Soalandy,Antananarivo Atsimondrano
102279004,Tsararay,Fiaferana,Antananarivo Avaradrano
104090008,Tsaramivondrona,Fihaonana,Ankazobe
104030009,Tsaramasoandro,Talata Angavo,Ankazobe
104150001,Tsaramasoandro,Tsaramasoandro,Ankazobe
101003007,Tsaramasay,3e Arrondissement,3e Arrondissement
103030011,Tsaramandroso Namontana,Anosiala,Ambohidratrimo
107350003,Tsaramandroso,Marotsipoy,Anjozorobe
115091012,Tsaramandroso,Ambohimiadana,Andramasina
103030006,Tsarahonenana Ivoanjo,Anosiala,Ambohidratrimo
101005025,Tsarahonenana,5e Arrondissement,5e Arrondissement
102379027,Tsarahonenana,Talata Volonondry,Antananarivo Avaradrano
102410002,Tsarahonenana,Masindray,Antananarivo Avaradrano
103150025,Tsarahonenana,Mahitsy,Ambohidratrimo
103370007,Tsarahonenana,Ambohipihaonana,Ambohidratrimo
104072006,Tsarahonenana,Marondry,Ankazobe
104210006,Tsarahonenana,Kiangara,Ankazobe
106012007,Tsarahonenana,Ambatolaona,Manjakandriana
106190002,Tsarahonenana,Anjepy,Manjakandriana
106351026,Tsarahonenana,Ankazondandy,Manjakandriana
107230009,Tsarahonenana,Ambatomanoina,Anjozorobe
117311008,Tsarahonenana,Fenoarivo,Antananarivo Atsimondrano
102099008,Tsarahasina,Ambohimangakely,Antananarivo Avaradrano
101004016,Tsarafaritra,4e Arrondissement,4e Arrondissement
105130017,Tsarafaritra,Imerintsiatosika,Arivonimamo
102079017,Tsarafara,Sabotsy Namehana,Antananarivo Avaradrano
117370005,Tongoloina,Ampahitrosy,Antananarivo Atsimondrano
117150005,Tongarivo Mandroso,Tanjombato,Antananarivo Atsimondrano
104110008,Telomirefy,Mahavelona,Ankazobe
115130004,Tankasina,Fitsinjovana Bakaro,Andramasina
115092001,Tankafatra Sud,Tankafatra,Andramasina
115092003,Tankafatra Nord,Tankafatra,Andramasina
115092002,Tankafatra Centre,Tankafatra,Andramasina
103090009,Tanjondroa,Iarinarivo,Ambohidratrimo
103050007,Tanjondava,Talatamaty,Ambohidratrimo
102050008,Tanjonandriana,Ambohimanambola,Antananarivo Avaradrano
117150001,Tanjombato Iraitsimivaky,Tanjombato,Antananarivo Atsimondrano
117311001,Tampontanana Fenoarivo,Fenoarivo,Antananarivo Atsimondrano
103050008,Talatamaty,Talatamaty,Ambohidratrimo
106390011,Talatakely,Sadabe,Manjakandriana
102379001,Talata Volonondry,Talata Volonondry,Antananarivo Avaradrano
105130030,Talata Maromena Sud,Imerintsiatosika,Arivonimamo
105130024,Talata Maromena Nord,Imerintsiatosika,Arivonimamo
104230003,Talata Avaradrano,Miantso,Ankazobe
104030001,Talata Angavo,Talata Angavo,Ankazobe
104230002,Tafaina,Miantso,Ankazobe
107070003,Tafaina,Mangamila,Anjozorobe
102010004,Sud Ambohipo,Alasora,Antananarivo Avaradrano
102319020,Soavinimerina,Ambohimanga Rova,Antananarivo Avaradrano
103150027,Soavinimerina,Mahitsy,Ambohidratrimo
115150002,Soavinimerina,Sabotsy Manjakavahoaka,Andramasina
117311002,Soavinimerina,Fenoarivo,Antananarivo Atsimondrano
105130022,Soavindray,Imerintsiatosika,Arivonimamo
103172006,Soavinarivo,Ambatolampy,Ambohidratrimo
107070004,Soavinarivo,Mangamila,Anjozorobe
115071004,Soavinarivo,Alatsinainy Bakaro,Andramasina
101003012,Soavinandriana,3e Arrondissement,3e Arrondissement
106011013,Soavinandriana,Manjakandriana,Manjakandriana
106251016,Soavinandriana,Ambatomena,Manjakandriana
106352001,Soavinandriana,Soavinandriana,Manjakandriana
115110005,Soavinandriana,Alarobia Vatosola,Andramasina
102319003,Soavinandriamanitra,Ambohimanga Rova,Antananarivo Avaradrano
104230007,Soavina,Miantso,Ankazobe
106390006,Soavina,Sadabe,Manjakandriana
117330001,Soavina,Soavina,Antananarivo Atsimondrano
117430008,Soavina,Tsiafahy,Antananarivo Atsimondrano
104050008,Soavimbahoaka Lovasoa,Ambohitromby,Ankazobe
104130010,Soavimbahoaka,Fiadanana,Ankazobe
117011010,Soavimbahoaka,Ampitatafika,Antananarivo Atsimondrano
101005002,Soavimasoandro,5e Arrondissement,5e Arrondissement
104130009,Soavimanjaka,Fiadanana,Ankazobe
103210025,Soavimalaza,Ampanotokana,Ambohidratrimo
103210028,Soavikanjaka,Ampanotokana,Ambohidratrimo
117250004,Soatsimeloka,Alatsinainy Ambazaha,Antananarivo Atsimondrano
117350010,Soaranokely,Ambohijanaka,Antananarivo Atsimondrano
101001044,Soarano Ambondrona Tsiazotafo,1er Arrondissement,1er Arrondissement
101001005,Soarano Ambondrona Ambodifilao,1er Arrondissement,1er Arrondissement
106030011,Soarano Ambany,Sambaina,Manjakandriana
101004029,Soanierana IIIJ,4e Arrondissement,4e Arrondissement
101004028,Soanierana III-I Cite Gare,4e Arrondissement,4e Arrondissement
102099005,Soanierana,Ambohimangakely,Antananarivo Avaradrano
102079022,Soaniadanana,Sabotsy Namehana,Antananarivo Avaradrano
117350002,Soanavela,Ambohijanaka,Antananarivo Atsimondrano
102279009,Soanarivo,Fiaferana,Antananarivo Avaradrano
115071005,Soanafindra,Alatsinainy Bakaro,Andramasina
102319006,Soamonina,Ambohimanga Rova,Antananarivo Avaradrano
102430004,Soamonina,Ankadinandriana,Antananarivo Avaradrano
117030003,Soamiampita,Andranonahoatra,Antananarivo Atsimondrano
103190003,Soamanjaka Nord,Ampangabe,Ambohidratrimo
103290009,Soamanjaka,Fiadanana,Ambohidratrimo
103010003,Soamananety,Ambohidratrimo,Ambohidratrimo
103030013,Soamanandray,Anosiala,Ambohidratrimo
103251005,Soamanandray,Manjakavaradrano,Ambohidratrimo
106271012,Soamanandray,Ambohitseheno,Manjakandriana
117430012,Soamanandray,Tsiafahy,Antananarivo Atsimondrano
102099009,Soamanandrariny,Ambohimangakely,Antananarivo Avaradrano
106190012,Soamalaza,Anjepy,Manjakandriana
103390008,Soaloka,Ambato,Ambohidratrimo
117210006,Soalandy,Soalandy,Antananarivo Atsimondrano
103410005,Satrokoditra,Anjanadoria,Ambohidratrimo
104030004,Sarodrivotra,Talata Angavo,Ankazobe
106011016,Samia,Manjakandriana,Manjakandriana
104150008,Sambotsy,Tsaramasoandro,Ankazobe
104090013,Sambatra,Fihaonana,Ankazobe
106030004,Sambaina Ambony,Sambaina,Manjakandriana
106030001,Sambaina Ambany,Sambaina,Manjakandriana
104050011,Sambaina,Ambohitromby,Ankazobe
103430008,Sahalemaka,Avaratsena,Ambohidratrimo
106390001,Sadabe,Sadabe,Manjakandriana
115031001,Sabotsy,Sabotsy Ambohitromby,Andramasina
115150001,Sabotsy,Sabotsy Manjakavahoaka,Andramasina
106251015,Ravoandriana,Ambatomena,Manjakandriana
106130001,Ranovao,Ranovao,Manjakandriana
102279008,Rangaina,Fiaferana,Antananarivo Avaradrano
106352005,Rangaina,Soavinandriana,Manjakandriana
106271011,Nanjakana,Ambohitseheno,Manjakandriana
101005019,Nanisana Iadiambola,5e Arrondissement,5e Arrondissement
106030005,Nanganehana,Sambaina,Manjakandriana
106170006,Nanelezana,Nandihizana,Manjakandriana
106210008,Nandihizankely,Ambanitsena,Manjakandriana
103130022,Namorana,Ambohitrimanjaka,Ambohidratrimo
106090012,Namiana,Alarobia,Manjakandriana
102079016,Namehana,Sabotsy Namehana,Antananarivo Avaradrano
103070008,Morondava,Antehiroka,Ambohidratrimo
117250003,Morombato (Ambohijatovo),Alatsinainy Ambazaha,Antananarivo Atsimondrano
117450002,Moratsiazo,Ambalavao,Antananarivo Atsimondrano
106351014,Moratelo,Ankazondandy,Manjakandriana
107110002,Morarano Sud,Tsarasaotra,Anjozorobe
115092011,Morarano Soafiraisana,Tankafatra,Andramasina
105130023,Morarano Nord,Imerintsiatosika,Arivonimamo
102379005,Morarano Idilana,Talata Volonondry,Antananarivo Avaradrano
117170007,Morarano Firaisana,Andoharanofotsy,Antananarivo Atsimondrano
102390007,Morarano Faliary,Anjeva Gara,Antananarivo Avaradrano
106351003,Morarano Beorana,Ankazondandy,Manjakandriana
101002021,Morarano Andrangaranga Ambatol,2e Arrondissement,2e Arrondissement
101005004,Morarano,5e Arrondissement,5e Arrondissement
102430015,Morarano,Ankadinandriana,Antananarivo Avaradrano
103150026,Morarano,Mahitsy,Ambohidratrimo
103210018,Morarano,Ampanotokana,Ambohidratrimo
103290011,Morarano,Fiadanana,Ambohidratrimo
104150005,Morarano,Tsaramasoandro,Ankazobe
106372004,Morarano,Ampaneva,Manjakandriana
107019009,Morarano,Anjozorobe,Anjozorobe
107310002,Morarano,Ambohibary Vohilena,Anjozorobe
115050007,Morarano,Mandrosoa,Andramasina
115110007,Morarano,Alarobia Vatosola,Andramasina
106252006,Moramena,Ambohibao Sud,Manjakandriana
104072002,Morafeno,Marondry,Ankazobe
107310010,Morafeno,Ambohibary Vohilena,Anjozorobe
102430016,Miorikampoza,Ankadinandriana,Antananarivo Avaradrano
106150011,Mioridrano,Miadanandriana,Manjakandriana
104072001,Miarinarivo Sud,Marondry,Ankazobe
106310006,Miarinarivo,Merikanjaka,Manjakandriana
107070017,Miarinarivo,Mangamila,Anjozorobe
106190011,Miarina,Anjepy,Manjakandriana
107310004,Miarikofeno,Ambohibary Vohilena,Anjozorobe
103390005,Miaramasoandro,Ambato,Ambohidratrimo
104050006,Miantsoarivo I,Ambohitromby,Ankazobe
104230001,Miantso Lovasoa,Miantso,Ankazobe
103350007,Miantso,Antanetibe,Ambohidratrimo
101002011,Miandrarivo Ambanidia,2e Arrondissement,2e Arrondissement
103150021,Miandrarivo,Mahitsy,Ambohidratrimo
107019006,Miandrarivo,Anjozorobe,Anjozorobe
105170004,Miakotsorano,Ambatomirahavavy,Arivonimamo
105130010,Miakadaza,Imerintsiatosika,Arivonimamo
107150002,Miakadaza,Betatao,Anjozorobe
107370002,Miadanatsaha,Beronono,Anjozorobe
106090002,Miadanandriana,Alarobia,Manjakandriana
102010018,Miadana,Alasora,Antananarivo Avaradrano
103130009,Miadana,Ambohitrimanjaka,Ambohidratrimo
107310016,Miadana,Ambohibary Vohilena,Anjozorobe
103150009,Miadampahonina,Mahitsy,Ambohidratrimo
103210007,Miadampahonina,Ampanotokana,Ambohidratrimo
115091007,Miadampahonina,Ambohimiadana,Andramasina
102410009,Miadamanjaka II,Masindray,Antananarivo Avaradrano
106110010,Miadamanjaka,Mantasoa,Manjakandriana
107290006,Miadamanjaka,Androvakely,Anjozorobe
103251003,Merinavaratra,Manjakavaradrano,Ambohidratrimo
103410010,Merinavaratra,Anjanadoria,Ambohidratrimo
107211007,Merinavaratra,Antanetibe,Anjozorobe
106150008,Merinarivo,Miadanandriana,Manjakandriana
103290005,Merimitatra,Fiadanana,Ambohidratrimo
103171001,Merimandroso,Merimandroso,Ambohidratrimo
105130013,Merimandroso,Imerintsiatosika,Arivonimamo
117050002,Merimandroso,Ambohidrapeto,Antananarivo Atsimondrano
103350008,Merikanjaka,Antanetibe,Ambohidratrimo
106310001,Merikanjaka,Merikanjaka,Manjakandriana
102010019,Mendrikolovana,Alasora,Antananarivo Avaradrano
117430002,Masomboay,Tsiafahy,Antananarivo Atsimondrano
102230003,Masombahiny,Ambohimalaza Miray,Antananarivo Avaradrano
106110009,Masombahiny,Mantasoa,Manjakandriana
115110002,Masindray Tsaramiera,Alarobia Vatosola,Andramasina
104090014,Masindray Est,Fihaonana,Ankazobe
102410001,Masindray,Masindray,Antananarivo Avaradrano
102039016,Masinandriana,Ankadikely Ilafy,Antananarivo Avaradrano
107019003,Masakalina,Anjozorobe,Anjozorobe
106030007,Marovohitra,Sambaina,Manjakandriana
107070005,Marovato,Mangamila,Anjozorobe
107350001,Marotsipoy,Marotsipoy,Anjozorobe
104190004,Maromandia,Antakavana,Ankazobe
103090002,Maroloha,Iarinarivo,Ambohidratrimo
103251001,Marokibobo,Manjakavaradrano,Ambohidratrimo
117090001,Marobiby,Fiombonana,Antananarivo Atsimondrano
106371014,Maroary,Ambohitrolomahitsy,Manjakandriana
106011009,Marinjara,Manjakandriana,Manjakandriana
104072003,Mariarano,Marondry,Ankazobe
103290012,Marianina,Fiadanana,Ambohidratrimo
106110001,Mantasoa,Mantasoa,Manjakandriana
104030005,Manontanitsiloza,Talata Angavo,Ankazobe
103090006,Manonilahy I,Iarinarivo,Ambohidratrimo
102279007,Manohisoa,Fiaferana,Antananarivo Avaradrano
102390008,Manohisoa,Anjeva Gara,Antananarivo Avaradrano
115050002,Manjambohitra,Mandrosoa,Andramasina
104110018,Manjakazonirina,Mahavelona,Ankazobe
103030016,Manjakazafy,Anosiala,Ambohidratrimo
103251004,Manjakavaradrano,Manjakavaradrano,Ambohidratrimo
103290007,Manjakatompo,Fiadanana,Ambohidratrimo
101005014,Manjakaray IId,5e Arrondissement,5e Arrondissement
101005012,Manjakaray IIc,5e Arrondissement,5e Arrondissement
101005013,Manjakaray IIb,5e Arrondissement,5e Arrondissement
106011008,Manjakandriana,Manjakandriana,Manjakandriana
101002009,Manjakamiadana Antsahondra AMB,2e Arrondissement,2e Arrondissement
103190010,Manjaka Est,Ampangabe,Ambohidratrimo
115031006,Manjaka Andrefana,Sabotsy Ambohitromby,Andramasina
102039010,Manjaka,Ankadikely Ilafy,Antananarivo Avaradrano
117230009,Manjaka,Antanetikely,Antananarivo Atsimondrano
104110003,Manirisoa,Mahavelona,Ankazobe
106251004,Mangazaka,Ambatomena,Manjakandriana
106390002,Mangatany Avaratra,Sadabe,Manjakandriana
106390022,Mangatany Atsimo,Sadabe,Manjakandriana
104030006,Mangasoavina,Talata Angavo,Ankazobe
107350006,Mangarivotra Baiboka,Marotsipoy,Anjozorobe
103171013,Mangarano,Merimandroso,Ambohidratrimo
107070001,Mangamila,Mangamila,Anjozorobe
104071002,Mangabe,Antotohazo,Ankazobe
115150004,Mangabe,Sabotsy Manjakavahoaka,Andramasina
104150013,Manerinerina,Tsaramasoandro,Ankazobe
104170004,Manerinerina,Ambolotarakely,Ankazobe
104230008,Mandrosorasaha,Miantso,Ankazobe
103111001,Mandrosoa Ivato,Ivato Firaisana,Ambohidratrimo
102039015,Mandrosoa Ilafy,Ankadikely Ilafy,Antananarivo Avaradrano
103410011,Mandrosoa Est,Anjanadoria,Ambohidratrimo
103030014,Mandrosoa,Anosiala,Ambohidratrimo
104010013,Mandrosoa,Ankazobe,Ankazobe
106371002,Mandrosoa,Ambohitrolomahitsy,Manjakandriana
115050001,Mandrosoa,Mandrosoa,Andramasina
101002019,Mandroseza Afovoany Mandroseza,2e Arrondissement,2e Arrondissement
106190010,Mandritsara,Anjepy,Manjakandriana
104230012,Mandriankeniheny,Miantso,Ankazobe
104110002,Mandriambero Andrenivatosoa,Mahavelona,Ankazobe
103050004,Mandriambero,Talatamaty,Ambohidratrimo
104210004,Mandrarahody,Kiangara,Ankazobe
101004023,Mandrangobato II,4e Arrondissement,4e Arrondissement
101004022,Mandrangobato I,4e Arrondissement,4e Arrondissement
106012003,Mandraka,Ambatolaona,Manjakandriana
104110006,Mandimbisoa,Mahavelona,Ankazobe
106030002,Mandimbisoa,Sambaina,Manjakandriana
102010003,Mandikanamana,Alasora,Antananarivo Avaradrano
101003013,Mandialaza Ankadifotsy,3e Arrondissement,3e Arrondissement
101003011,Mandialaza Ambodivona,3e Arrondissement,3e Arrondissement
101003017,Mandialaza Ambatomitsangana,3e Arrondissement,3e Arrondissement
106351020,Mandena,Ankazondandy,Manjakandriana
117410004,Mandalova,Androhibe,Antananarivo Atsimondrano
117350007,Mandalotsimaka,Ambohijanaka,Antananarivo Atsimondrano
102039013,Manazary,Ankadikely Ilafy,Antananarivo Avaradrano
102410005,Manazary,Masindray,Antananarivo Avaradrano
106130002,Manazary,Ranovao,Manjakandriana
101001043,Manarintsoa Isotry,1er Arrondissement,1er Arrondissement
101001042,Manarintsoa Atsinanana,1er Arrondissement,1er Arrondissement
101001041,Manarintsoa Anatihazo,1er Arrondissement,1er Arrondissement
101001040,Manarintsoa Afovoany,1er Arrondissement,1er Arrondissement
102079014,Manarintsoa,Sabotsy Namehana,Antananarivo Avaradrano
105170013,Manarintsoa,Ambatomirahavavy,Arivonimamo
115031004,Manarintsoa,Sabotsy Ambohitromby,Andramasina
103171002,Manantsoa,Merimandroso,Ambohidratrimo
104090007,Manantenasoa,Fihaonana,Ankazobe
104110014,Manantenasoa,Mahavelona,Ankazobe
104090010,Manankasina Fomami,Fihaonana,Ankazobe
102319011,Manankasina,Ambohimanga Rova,Antananarivo Avaradrano
103171003,Manankasina,Merimandroso,Ambohidratrimo
103410012,Manankasina,Anjanadoria,Ambohidratrimo
107150003,Manankasina,Betatao,Anjozorobe
117450006,Manankasina,Ambalavao,Antananarivo Atsimondrano
101004019,Mananjara,4e Arrondissement,4e Arrondissement
103171008,Mananjara,Merimandroso,Ambohidratrimo
103230001,Mananjara,Mananjara,Ambohidratrimo
115150003,Mananjara,Sabotsy Manjakavahoaka,Andramasina
102210001,Manandriana,Manandriana,Antananarivo Avaradrano
115091009,Manandriana,Ambohimiadana,Andramasina
106190007,Manakavaly,Anjepy,Manjakandriana
106011011,Manakasikely,Manjakandriana,Manjakandriana
107330004,Manakana Vohitraivo,Ambohimirary,Anjozorobe
107270003,Manakana,Amboasary Nord,Anjozorobe
101002017,Manakambahiny Ankerakely Ambat,2e Arrondissement,2e Arrondissement
106330002,Manakambahiny,Anjoma Betoho,Manjakandriana
103050002,Mamory Miray Antoby,Talatamaty,Ambohidratrimo
103252002,Mamory,Antsahafilo,Ambohidratrimo
102379012,Mamoriarivo,Talata Volonondry,Antananarivo Avaradrano
105130011,Mamoladahy,Imerintsiatosika,Arivonimamo
102319021,Malaza,Ambohimanga Rova,Antananarivo Avaradrano
103430006,Malaza,Avaratsena,Ambohidratrimo
105130033,Malaza,Imerintsiatosika,Arivonimamo
117011005,Malaza,Ampitatafika,Antananarivo Atsimondrano
117270005,Malaho,Ampanefy,Antananarivo Atsimondrano
103050005,Maibahoaka,Talatamaty,Ambohidratrimo
103130014,Mahitsy Firaisana,Ambohitrimanjaka,Ambohidratrimo
103130013,Mahitsy Avaratra,Ambohitrimanjaka,Ambohidratrimo
102010005,Mahitsy,Alasora,Antananarivo Avaradrano
103150001,Mahitsy,Mahitsy,Ambohidratrimo
103390007,Mahitsitady,Ambato,Ambohidratrimo
106012006,Mahitsitady,Ambatolaona,Manjakandriana
102230004,Mahia,Ambohimalaza Miray,Antananarivo Avaradrano
107330005,Maherirano,Ambohimirary,Anjozorobe
103330001,Mahereza,Mahereza,Ambohidratrimo
101002020,Mahazoarivo Ambohidraserika,2e Arrondissement,2e Arrondissement
107190004,Mahazina,Analaroa,Anjozorobe
103350012,Mahazaza,Antanetibe,Ambohidratrimo
101003019,Mahavoky,3e Arrondissement,3e Arrondissement
103430002,Mahavanona,Avaratsena,Ambohidratrimo
102010010,Mahatsinjo,Alasora,Antananarivo Avaradrano
102210004,Mahatsinjo,Manandriana,Antananarivo Avaradrano
102319009,Mahatsinjo,Ambohimanga Rova,Antananarivo Avaradrano
107211003,Mahatsinjo,Antanetibe,Anjozorobe
106230003,Mahatsara,Ambohitrandriamanitra,Manjakandriana
107150007,Mahatsara,Betatao,Anjozorobe
106011015,Mahatafandry,Manjakandriana,Manjakandriana
115031009,Mahasoratra,Sabotsy Ambohitromby,Andramasina
103370004,Maharidaza,Ambohipihaonana,Ambohidratrimo
104030002,Maharidaza,Talata Angavo,Ankazobe
104170002,Maharidaza,Ambolotarakely,Ankazobe
106170003,Maharidaza,Nandihizana,Manjakandriana
101004012,Mahamasina Atsimo,4e Arrondissement,4e Arrondissement
107212002,Mahamaintiomby,Belanitra,Anjozorobe
117170006,Mahalavolona,Andoharanofotsy,Antananarivo Atsimondrano
107150005,Mahalasitra,Betatao,Anjozorobe
117350009,Mahaimandry,Ambohijanaka,Antananarivo Atsimondrano
103310001,Mahabo,Mahabo,Ambohidratrimo
117170005,Mahabo,Andoharanofotsy,Antananarivo Atsimondrano
106351009,Mafaitrorana,Ankazondandy,Manjakandriana
103410014,Madiorano,Anjanadoria,Ambohidratrimo
117311005,Madiomanana,Fenoarivo,Antananarivo Atsimondrano
104090017,Madiokororoka,Fihaonana,Ankazobe
101004027,Madera Namontana,4e Arrondissement,4e Arrondissement
104090004,Lovasoa,Fihaonana,Ankazobe
106110006,Lohomby,Mantasoa,Manjakandriana
107230011,Lohavondrona,Ambatomanoina,Anjozorobe
117130005,Loharanombato,Ambavahaditokana,Antananarivo Atsimondrano
117230007,Lohanosy,Antanetikely,Antananarivo Atsimondrano
117350005,Lohanosy,Ambohijanaka,Antananarivo Atsimondrano
117450009,Lohamandry,Ambalavao,Antananarivo Atsimondrano
103130015,Lehilava,Ambohitrimanjaka,Ambohidratrimo
102079003,Lazaina,Sabotsy Namehana,Antananarivo Avaradrano
103030017,Lavahitsiny,Anosiala,Ambohidratrimo
106050004,Lapahambana,Ambohibary,Manjakandriana
101001035,Lalamby Sy Ny Manodidina,1er Arrondissement,1er Arrondissement
117210005,Lailava Ouest,Soalandy,Antananarivo Atsimondrano
117210004,Lailava Est,Soalandy,Antananarivo Atsimondrano
105130015,Labrousse,Imerintsiatosika,Arivonimamo
104010002,Kiva,Ankazobe,Ankazobe
104210001,Kianjasoa Kiangara,Kiangara,Ankazobe
115130003,Kelimafana,Fitsinjovana Bakaro,Andramasina
115092014,Kelilalina,Tankafatra,Andramasina
102379019,Kelifaritra,Talata Volonondry,Antananarivo Avaradrano
107019007,Kamanja,Anjozorobe,Anjozorobe
101004007,Ivolaniray,4e Arrondissement,4e Arrondissement
102410004,Ivoara,Masindray,Antananarivo Avaradrano
105170014,Ivelo,Ambatomirahavavy,Arivonimamo
117250005,Ivatobe,Alatsinainy Ambazaha,Antananarivo Atsimondrano
103112001,Ivato Aeroport,Ivato Aeroport,Ambohidratrimo
101005006,Ivandry,5e Arrondissement,5e Arrondissement
117110001,Itaosy,Itaosy,Antananarivo Atsimondrano
101001038,Isoraka Ampatsakana,1er Arrondissement,1er Arrondissement
106070005,Isoavina,Ambatomanga,Manjakandriana
106210005,Isoavina,Ambanitsena,Manjakandriana
107070018,Isaonjo Nord,Mangamila,Anjozorobe
117270004,Isaingy,Ampanefy,Antananarivo Atsimondrano
102079002,Isahafa,Sabotsy Namehana,Antananarivo Avaradrano
104150004,Irindravato,Tsaramasoandro,Ankazobe
106090007,Iravoandriana,Alarobia,Manjakandriana
105170005,Imeritsiafindra,Ambatomirahavavy,Arivonimamo
102319015,Imerintsiafindra,Ambohimanga Rova,Antananarivo Avaradrano
103050009,Imerinafovoany,Talatamaty,Ambohidratrimo
117350003,Imerimanjaka,Ambohijanaka,Antananarivo Atsimondrano
102390002,Imerikasinina,Anjeva Gara,Antananarivo Avaradrano
105170009,Imerikanjaka,Ambatomirahavavy,Arivonimamo
102390010,Imaola Vohitsara,Anjeva Gara,Antananarivo Avaradrano
102319007,Imanja,Ambohimanga Rova,Antananarivo Avaradrano
101004003,Ilanivato Ampasika,4e Arrondissement,4e Arrondissement
103111003,Ilaivola,Ivato Firaisana,Ambohidratrimo
102039009,Ilafy,Ankadikely Ilafy,Antananarivo Avaradrano
103130019,Ikopakely,Ambohitrimanjaka,Ambohidratrimo
102099014,Ikianja,Ambohimangakely,Antananarivo Avaradrano
103190011,Ikianja,Ampangabe,Ambohidratrimo
102050004,Iharamy,Ambohimanambola,Antananarivo Avaradrano
115091003,Iharamalaza,Ambohimiadana,Andramasina
117190004,Ifarihy,Ankaraobato,Antananarivo Atsimondrano
106271004,Ifalimanjaka,Ambohitseheno,Manjakandriana
117170008,Iavoloha,Andoharanofotsy,Antananarivo Atsimondrano
102319012,Iavoambony,Ambohimanga Rova,Antananarivo Avaradrano
103090001,Iarinarivo,Iarinarivo,Ambohidratrimo
102379016,Fonohasina,Talata Volonondry,Antananarivo Avaradrano
105130019,Fonenana,Imerintsiatosika,Arivonimamo
104090015,Fokontsambo,Fihaonana,Ankazobe
103050003,Fitroafana,Talatamaty,Ambohidratrimo
117311012,Firavahana,Fenoarivo,Antananarivo Atsimondrano
104050003,Firaisantsoa,Ambohitromby,Ankazobe
102430014,Fihasinana,Ankadinandriana,Antananarivo Avaradrano
104090001,Fihaonana,Fihaonana,Ankazobe
104110015,Fifanasoavana,Mahavelona,Ankazobe
106352003,Fierenana Est,Soavinandriana,Manjakandriana
103150011,Fierenana,Mahitsy,Ambohidratrimo
106351017,Fierenana,Ankazondandy,Manjakandriana
102319016,Fiekena,Ambohimanga Rova,Antananarivo Avaradrano
107130011,Fieferana Atsimo,Ambohimanarina Marovazaha,Anjozorobe
104050007,Fieferana,Ambohitromby,Ankazobe
106011020,Fieferana,Manjakandriana,Manjakandriana
107150008,Fieferana,Betatao,Anjozorobe
117410005,Fidasiana,Androhibe,Antananarivo Atsimondrano
101001039,Fiata,1er Arrondissement,1er Arrondissement
107019023,Fiarenana,Anjozorobe,Anjozorobe
105130032,Fiantsonana,Imerintsiatosika,Arivonimamo
115072003,Fiakarantsoa,Antotohazo,Andramasina
103030004,Fiakarana,Anosiala,Ambohidratrimo
103130011,Fiakarana,Ambohitrimanjaka,Ambohidratrimo
102279001,Fiaferana,Fiaferana,Antananarivo Avaradrano
103150018,Fiadanankely,Mahitsy,Ambohidratrimo
103310008,Fiadanana Sud,Mahabo,Ambohidratrimo
101004018,Fiadanana IIin,4e Arrondissement,4e Arrondissement
101004017,Fiadanana IIil,4e Arrondissement,4e Arrondissement
102230006,Fiadanana,Ambohimalaza Miray,Antananarivo Avaradrano
104130001,Fiadanana,Fiadanana,Ankazobe
105130020,Fiadanana,Imerintsiatosika,Arivonimamo
106011005,Fiadanana,Manjakandriana,Manjakandriana
107290002,Fiadanana,Androvakely,Anjozorobe
104230004,Fenosoa,Miantso,Ankazobe
101001037,Faravohitra Mandrosoa,1er Arrondissement,1er Arrondissement
101001036,Faravohitra Ambony,1er Arrondissement,1er Arrondissement
102079005,Faravohitra,Sabotsy Namehana,Antananarivo Avaradrano
106170011,Farariana,Nandihizana,Manjakandriana
103050010,Faralaza,Talatamaty,Ambohidratrimo
103130003,Farahindra,Ambohitrimanjaka,Ambohidratrimo
102279005,Fandrakotra,Fiaferana,Antananarivo Avaradrano
106351007,Fandana,Ankazondandy,Manjakandriana
102379020,Falimanjaka,Talata Volonondry,Antananarivo Avaradrano
103190009,Falihavana,Ampangabe,Ambohidratrimo
101002001,Faliarivo Ambanidia,2e Arrondissement,2e Arrondissement
102410010,Faliarivo,Masindray,Antananarivo Avaradrano
117011006,Faliarivo,Ampitatafika,Antananarivo Atsimondrano
106310005,Falefika Centre,Merikanjaka,Manjakandriana
102010007,Est Mahazoarivo,Alasora,Antananarivo Avaradrano
115170004,Est Mahatsinjo,Anosibe Trimoloharano,Andramasina
103252003,Diankazo,Antsahafilo,Ambohidratrimo
101001030,Cite Ampefiloha,1er Arrondissement,1er Arrondissement
101001029,Cite Ambodin'isotry,1er Arrondissement,1er Arrondissement
106170001,Carion,Nandihizana,Manjakandriana
102079019,Botona,Sabotsy Namehana,Antananarivo Avaradrano
107099004,Bongatsara,Ambongamarina,Anjozorobe
104150007,Bevony Atsimo,Tsaramasoandro,Ankazobe
103410006,Bevato,Anjanadoria,Ambohidratrimo
102099004,Betsizaraina,Ambohimangakely,Antananarivo Avaradrano
106011019,Betsitoavina,Manjakandriana,Manjakandriana
107130009,Betsifasika,Ambohimanarina Marovazaha,Anjozorobe
101003025,Betongolo,3e Arrondissement,3e Arrondissement
106330001,Betoho,Anjoma Betoho,Manjakandriana
107150001,Betatao,Betatao,Anjozorobe
106011004,Betambatra,Manjakandriana,Manjakandriana
101006027,Betafo,6e Arrondissement,6e Arrondissement
102099015,Betafo,Ambohimangakely,Antananarivo Avaradrano
107250004,Besorindrana,Amparatanjona,Anjozorobe
101003027,Besarety,3e Arrondissement,3e Arrondissement
107019004,Beronono,Anjozorobe,Anjozorobe
107370001,Beronono,Beronono,Anjozorobe
102079021,Beravina,Sabotsy Namehana,Antananarivo Avaradrano
115032006,Beravina,Andohariana,Andramasina
117210007,Beravina,Soalandy,Antananarivo Atsimondrano
103210017,Bemasoandro Nord,Ampanotokana,Ambohidratrimo
103210029,Bemasoandro Atsimo,Ampanotokana,Ambohidratrimo
103150010,Bemasoandro,Mahitsy,Ambohidratrimo
104210005,Bemasoandro,Kiangara,Ankazobe
105130028,Bemasoandro,Imerintsiatosika,Arivonimamo
115071009,Bemasoandro,Alatsinainy Bakaro,Andramasina
117070001,Bemasoandro,Bemasoandro,Antananarivo Atsimondrano
107290005,Bemandotra,Androvakely,Anjozorobe
115010009,Bemalaza,Andramasina,Andramasina
103130002,Beloha,Ambohitrimanjaka,Ambohidratrimo
102039006,Belanitra,Ankadikely Ilafy,Antananarivo Avaradrano
103171012,Belanitra,Merimandroso,Ambohidratrimo
103210006,Belanitra,Ampanotokana,Ambohidratrimo
107212001,Belanitra,Belanitra,Anjozorobe
117170003,Belambanana,Andoharanofotsy,Antananarivo Atsimondrano
103150006,Bejofo,Mahitsy,Ambohidratrimo
101003024,Behoririka Ankaditapaka,3e Arrondissement,3e Arrondissement
101003021,Behoririka Ambatomitsangana,3e Arrondissement,3e Arrondissement
101003028,Behoririka,3e Arrondissement,3e Arrondissement
117270002,Behoririka,Ampanefy,Antananarivo Atsimondrano
102099016,Behitsy,Ambohimangakely,Antananarivo Avaradrano
107019002,Befieranana,Anjozorobe,Anjozorobe
106271002,Bedia,Ambohitseheno,Manjakandriana
103350011,Bearambola,Antanetibe,Ambohidratrimo
107290003,Beanana,Androvakely,Anjozorobe
107330002,Beampombo,Ambohimirary,Anjozorobe
115130005,Bakaro,Fitsinjovana Bakaro,Andramasina
102379009,Avaratsena,Talata Volonondry,Antananarivo Avaradrano
103430001,Avaratsena,Avaratsena,Ambohidratrimo
117050001,Avaratsena,Ambohidrapeto,Antananarivo Atsimondrano
103370008,Avaratrimangabe,Ambohipihaonana,Ambohidratrimo
103430003,Avaratrimanarina,Avaratsena,Ambohidratrimo
106371012,Avaratrambolo,Ambohitrolomahitsy,Manjakandriana
104230005,Avaratrambato,Miantso,Ankazobe
101001028,Avaratetezana Bekiraro,1er Arrondissement,1er Arrondissement
101006010,Avaratetezana,6e Arrondissement,6e Arrondissement
117011002,Avaratetezana,Ampitatafika,Antananarivo Atsimondrano
101006002,Avaratanana,6e Arrondissement,6e Arrondissement
102319001,Avarakady,Ambohimanga Rova,Antananarivo Avaradrano
103172007,Avarajozoro,Ambatolampy,Ambohidratrimo
101003022,Avaradoha,3e Arrondissement,3e Arrondissement
103030002,Avarabohitra,Anosiala,Ambohidratrimo
117110006,Avarabohitra,Itaosy,Antananarivo Atsimondrano
117430005,Avarabohitra,Tsiafahy,Antananarivo Atsimondrano
104050002,Avarabato Voajanahary,Ambohitromby,Ankazobe
105130018,Avarabary,Imerintsiatosika,Arivonimamo
102079001,Atsinanantsena,Sabotsy Namehana,Antananarivo Avaradrano
106251003,Atsimotsena Atsimo,Ambatomena,Manjakandriana
106251002,Atsimontsena Avaratra,Ambatomena,Manjakandriana
106252005,Atsimonanosy,Ambohibao Sud,Manjakandriana
102230012,Atsimon'ambohidray,Ambohimalaza Miray,Antananarivo Avaradrano
103010006,Atsimomparihy,Ambohidratrimo,Ambohidratrimo
103290006,Atsimombohitra,Fiadanana,Ambohidratrimo
117011004,Atsimombohitra,Ampitatafika,Antananarivo Atsimondrano
105130021,Apangabe,Imerintsiatosika,Arivonimamo
107019014,Antsorindrana,Anjozorobe,Anjozorobe
102079012,Antsofinondry,Sabotsy Namehana,Antananarivo Avaradrano
103310005,Antsiriry,Mahabo,Ambohidratrimo
107130004,Antsevakely Nord,Ambohimanarina Marovazaha,Anjozorobe
107130010,Antsevakely Atsimo,Ambohimanarina Marovazaha,Anjozorobe
105130005,Antsentsidranovato,Imerintsiatosika,Arivonimamo
105130001,Antsenakely,Imerintsiatosika,Arivonimamo
101006021,Antsararay,6e Arrondissement,6e Arrondissement
103210019,Antsapanimahazo,Ampanotokana,Ambohidratrimo
103210020,Antsaonjomanga,Ampanotokana,Ambohidratrimo
104090012,Antsampanimahazo,Fihaonana,Ankazobe
104230006,Antsampanimahazo,Miantso,Ankazobe
102039007,Antsampandrano,Ankadikely Ilafy,Antananarivo Avaradrano
106271009,Antsampandrano,Ambohitseheno,Manjakandriana
101003034,Antsakaviro Ambodirotra,3e Arrondissement,3e Arrondissement
103070004,Antsakambahiny,Antehiroka,Ambohidratrimo
106011003,Antsakambahiny,Manjakandriana,Manjakandriana
115091006,Antsahondra Miadamanjaka,Ambohimiadana,Andramasina
115091010,Antsahondra Maroambika,Ambohimiadana,Andramasina
103130024,Antsahavolo,Ambohitrimanjaka,Ambohidratrimo
102079015,Antsahatsiresy,Sabotsy Namehana,Antananarivo Avaradrano
106351016,Antsahatanteraka,Ankazondandy,Manjakandriana
117190006,Antsahasoa,Ankaraobato,Antananarivo Atsimondrano
102410007,Antsaharoaloha,Masindray,Antananarivo Avaradrano
103210008,Antsaharatsy,Ampanotokana,Ambohidratrimo
104130002,Antsahandravolaina,Fiadanana,Ankazobe
115091014,Antsahandenda,Ambohimiadana,Andramasina
106130004,Antsahambavy,Ranovao,Manjakandriana
115091004,Antsahamasina,Ambohimiadana,Andramasina
117050004,Antsahamasina,Ambohidrapeto,Antananarivo Atsimondrano
102039002,Antsahamarofoza,Ankadikely Ilafy,Antananarivo Avaradrano
102379006,Antsahamaro,Talata Volonondry,Antananarivo Avaradrano
103130010,Antsahamarina,Ambohitrimanjaka,Ambohidratrimo
115031007,Antsahamanitra,Sabotsy Ambohitromby,Andramasina
106011014,Antsahamalaza,Manjakandriana,Manjakandriana
106011022,Antsahamaina Est,Manjakandriana,Manjakandriana
103350016,Antsahamaina,Antanetibe,Ambohidratrimo
106090008,Antsahamaina,Alarobia,Manjakandriana
103390009,Antsahalava,Ambato,Ambohidratrimo
106272001,Antsahalalina,Antsahalalina,Manjakandriana
106251007,Antsahakely Atsimo,Ambatomena,Manjakandriana
102319019,Antsahakely,Ambohimanga Rova,Antananarivo Avaradrano
102350004,Antsahakely,Viliahazo,Antananarivo Avaradrano
117090004,Antsahakely,Fiombonana,Antananarivo Atsimondrano
103130016,Antsahafohy,Ambohitrimanjaka,Ambohidratrimo
106030009,Antsahafohy,Sambaina,Manjakandriana
107070019,Antsahafina,Mangamila,Anjozorobe
103252001,Antsahafilo,Antsahafilo,Ambohidratrimo
117410006,Antsahadinta,Androhibe,Antananarivo Atsimondrano
107019008,Antsahabe Ouest,Anjozorobe,Anjozorobe
107019011,Antsahabe Atsinanana,Anjozorobe,Anjozorobe
101002003,Antsahabe Ankorahotra Ankazoto,2e Arrondissement,2e Arrondissement
103310012,Antsahabe,Mahabo,Ambohidratrimo
105170011,Antsahabe,Ambatomirahavavy,Arivonimamo
117390007,Antsahabe,Bongatsara,Antananarivo Atsimondrano
107290007,Antovontany,Androvakely,Anjozorobe
115050003,Antovontany,Mandrosoa,Andramasina
115110006,Antovontany,Alarobia Vatosola,Andramasina
117350008,Antovontany,Ambohijanaka,Antananarivo Atsimondrano
104071001,Antotohazo,Antotohazo,Ankazobe
115072001,Antotohazo,Antotohazo,Andramasina
115072005,Antoribe,Antotohazo,Andramasina
103150020,Antongombato Est,Mahitsy,Ambohidratrimo
104071005,Antongombato,Antotohazo,Ankazobe
106030006,Antombotokana,Sambaina,Manjakandriana
104110013,Antolojanahary,Mahavelona,Ankazobe
117012003,Antokontanitsara,Anosizato Andrefana,Antananarivo Atsimondrano
103150028,Antokomaro,Mahitsy,Ambohidratrimo
106371021,Antokala,Ambohitrolomahitsy,Manjakandriana
101001027,Antohomadinika IIig Hangar,1er Arrondissement,1er Arrondissement
101001025,Antohomadinika Avaratra Antani,1er Arrondissement,1er Arrondissement
101001024,Antohomadinika Atsimo,1er Arrondissement,1er Arrondissement
101001026,Antohomadinika Antsalovana Faa,1er Arrondissement,1er Arrondissement
101001023,Antohomadinika Afovoany,1er Arrondissement,1er Arrondissement
115071017,Antoho,Alatsinainy Bakaro,Andramasina
103010008,Antohibe,Ambohidratrimo,Ambohidratrimo
103350005,Antoby Avaratra,Antanetibe,Ambohidratrimo
107190007,Antoby Avaratra,Analaroa,Anjozorobe
103350019,Antoby Atsimo,Antanetibe,Ambohidratrimo
107070002,Antoby,Mangamila,Anjozorobe
115071014,Antevana,Alatsinainy Bakaro,Andramasina
107270004,Antevamarina,Amboasary Nord,Anjozorobe
103410007,Antetezankazo,Anjanadoria,Ambohidratrimo
107250003,Antetezanambo,Amparatanjona,Anjozorobe
101001022,Antetezanafovoany II,1er Arrondissement,1er Arrondissement
101001021,Antetezanafovoany I,1er Arrondissement,1er Arrondissement
107110004,Antetezana,Tsarasaotra,Anjozorobe
102230007,Antentona,Ambohimalaza Miray,Antananarivo Avaradrano
105130002,Antemitra,Imerintsiatosika,Arivonimamo
107070011,Antatamokely,Mangamila,Anjozorobe
106330003,Antatamo,Anjoma Betoho,Manjakandriana
117130003,Antanjona,Ambavahaditokana,Antananarivo Atsimondrano
101006015,Antanjombe Avaratra,6e Arrondissement,6e Arrondissement
101006019,Antanjombe Ambony,6e Arrondissement,6e Arrondissement
103310017,Antanivony,Mahabo,Ambohidratrimo
106310009,Antanitsara,Merikanjaka,Manjakandriana
101003001,Antaninandro Ampandrana,3e Arrondissement,3e Arrondissement
103350013,Antaninandro,Antanetibe,Ambohidratrimo
106351010,Antaninandro,Ankazondandy,Manjakandriana
101002002,Antanimora Ampasanimalo,2e Arrondissement,2e Arrondissement
106251011,Antanimietry,Ambatomena,Manjakandriana
106252007,Antanimenakely,Ambohibao Sud,Manjakandriana
117290004,Antanimenakely,Ankadimanga,Antananarivo Atsimondrano
102410011,Antanimenabe,Masindray,Antananarivo Avaradrano
101003014,Antanimena,3e Arrondissement,3e Arrondissement
106050005,Antanimasaka,Ambohibary,Manjakandriana
106310004,Antanimasaka,Merikanjaka,Manjakandriana
102430008,Antanimarina,Ankadinandriana,Antananarivo Avaradrano
105170002,Antanimarina,Ambatomirahavavy,Arivonimamo
106011024,Antanimarina,Manjakandriana,Manjakandriana
101001001,Antanimalalaka Analakely,1er Arrondissement,1er Arrondissement
107099006,Antanifotsy,Ambongamarina,Anjozorobe
104190003,Antaniditra,Antakavana,Ankazobe
106011021,Antanibe Centre,Manjakandriana,Manjakandriana
103150014,Antangirika,Mahitsy,Ambohidratrimo
103290001,Antanety Sud,Fiadanana,Ambohidratrimo
117312005,Antanety II,Alakamisy Fenoarivo,Antananarivo Atsimondrano
103150015,Antanety Est,Mahitsy,Ambohidratrimo
101006016,Antanety Avaratra,6e Arrondissement,6e Arrondissement
101006024,Antanety Atsimo,6e Arrondissement,6e Arrondissement
103210001,Antanety,Ampanotokana,Ambohidratrimo
103350003,Antanety,Antanetibe,Ambohidratrimo
117070003,Antanety,Bemasoandro,Antananarivo Atsimondrano
117190001,Antanetisoa,Ankaraobato,Antananarivo Atsimondrano
103430004,Antanetimboahangy,Avaratsena,Ambohidratrimo
103251006,Antanetilava II,Manjakavaradrano,Ambohidratrimo
103150019,Antanetilava,Mahitsy,Ambohidratrimo
106372003,Antanetilava,Ampaneva,Manjakandriana
106390003,Antanetilava,Sadabe,Manjakandriana
117230001,Antanetikely,Antanetikely,Antananarivo Atsimondrano
106390015,Antanetibe Vi,Sadabe,Manjakandriana
104010005,Antanetibe Soarano,Ankazobe,Ankazobe
103310009,Antanetibe Nord,Mahabo,Ambohidratrimo
106390007,Antanetibe Nord,Sadabe,Manjakandriana
102430002,Antanetibe Maromby,Ankadinandriana,Antananarivo Avaradrano
102099002,Antanetibe Ikianja,Ambohimangakely,Antananarivo Avaradrano
103251002,Antanetibe IIi,Manjakavaradrano,Ambohidratrimo
115010007,Antanetibe Firaisana,Andramasina,Andramasina
103150013,Antanetibe Est,Mahitsy,Ambohidratrimo
103210011,Antanetibe Avaratra,Ampanotokana,Ambohidratrimo
106190004,Antanetibe Avaratra,Anjepy,Manjakandriana
106190009,Antanetibe Atsimo,Anjepy,Manjakandriana
107330003,Antanetibe Antsakay,Ambohimirary,Anjozorobe
102050006,Antanetibe,Ambohimanambola,Antananarivo Avaradrano
103070005,Antanetibe,Antehiroka,Ambohidratrimo
103130008,Antanetibe,Ambohitrimanjaka,Ambohidratrimo
103230003,Antanetibe,Mananjara,Ambohidratrimo
103290004,Antanetibe,Fiadanana,Ambohidratrimo
103350001,Antanetibe,Antanetibe,Ambohidratrimo
103390014,Antanetibe,Ambato,Ambohidratrimo
104210011,Antanetibe,Kiangara,Ankazobe
105130025,Antanetibe,Imerintsiatosika,Arivonimamo
106090005,Antanetibe,Alarobia,Manjakandriana
106272005,Antanetibe,Antsahalalina,Manjakandriana
106351022,Antanetibe,Ankazondandy,Manjakandriana
107110005,Antanetibe,Tsarasaotra,Anjozorobe
107211001,Antanetibe,Antanetibe,Anjozorobe
107370006,Antanetibe,Beronono,Anjozorobe
115050004,Antanetibe,Mandrosoa,Andramasina
117050005,Antanetibe,Ambohidrapeto,Antananarivo Atsimondrano
115032005,Antandrokomby II,Andohariana,Andramasina
115032004,Antandrokomby I,Andohariana,Andramasina
103150007,Antandrokomby,Mahitsy,Ambohidratrimo
117012001,Antandrokomby,Anosizato Andrefana,Antananarivo Atsimondrano
103090003,Antanatanana,Iarinarivo,Ambohidratrimo
107070006,Antanatanana,Mangamila,Anjozorobe
102039008,Antanandrano,Ankadikely Ilafy,Antananarivo Avaradrano
104210008,Antanandava,Kiangara,Ankazobe
106190003,Antananarivokely,Anjepy,Manjakandriana
107190003,Antananarivokely,Analaroa,Anjozorobe
103190002,Antananambony,Ampangabe,Ambohidratrimo
117012004,Antananambony,Anosizato Andrefana,Antananarivo Atsimondrano
102099001,Antanambao,Ambohimangakely,Antananarivo Avaradrano
102379023,Antanambao,Talata Volonondry,Antananarivo Avaradrano
103370002,Antanambao,Ambohipihaonana,Ambohidratrimo
105130014,Antanambao,Imerintsiatosika,Arivonimamo
107130002,Antanambao,Ambohimanarina Marovazaha,Anjozorobe
115071002,Antanambao,Alatsinainy Bakaro,Andramasina
103290010,Antanambahiny,Fiadanana,Ambohidratrimo
102410006,Antanamalaza,Masindray,Antananarivo Avaradrano
106130005,Antamponala,Ranovao,Manjakandriana
106390023,Antamponala,Sadabe,Manjakandriana
104010012,Antamboho Sud,Ankazobe,Ankazobe
105130016,Antamboho II,Imerintsiatosika,Arivonimamo
105130031,Antamboho I,Imerintsiatosika,Arivonimamo
103410008,Antamboho,Anjanadoria,Ambohidratrimo
115110003,Antamboho,Alarobia Vatosola,Andramasina
117450013,Antamboho,Ambalavao,Antananarivo Atsimondrano
117270008,Antalata,Ampanefy,Antananarivo Atsimondrano
103070002,Antalamohitra,Antehiroka,Ambohidratrimo
117410002,Antalaho,Androhibe,Antananarivo Atsimondrano
117230005,Antakiaka,Antanetikely,Antananarivo Atsimondrano
104190001,Antakavana,Antakavana,Ankazobe
117230008,Antaboaka,Antanetikely,Antananarivo Atsimondrano
103171015,Anovorano,Merimandroso,Ambohidratrimo
115092012,Anovondriana,Tankafatra,Andramasina
106050008,Anosy,Ambohibary,Manjakandriana
106351012,Anosy,Ankazondandy,Manjakandriana
107070007,Anosy,Mangamila,Anjozorobe
101004024,Anosizato Atsinanana II,4e Arrondissement,4e Arrondissement
101004025,Anosizato Atsinanana I,4e Arrondissement,4e Arrondissement
103210022,Anosivolakely,Ampanotokana,Ambohidratrimo
106351002,Anosivola,Ankazondandy,Manjakandriana
107019021,Anosivola,Anjozorobe,Anjozorobe
115092008,Anosivola,Tankafatra,Andramasina
117090002,Anosivita Boina,Fiombonana,Antananarivo Atsimondrano
101006018,Anosivavaka,6e Arrondissement,6e Arrondissement
106050009,Anosivato,Ambohibary,Manjakandriana
101006001,Anosisoa,6e Arrondissement,6e Arrondissement
101004006,Anosipatrana Atsinanana,4e Arrondissement,4e Arrondissement
101004005,Anosipatrana Andrefana,4e Arrondissement,4e Arrondissement
102079006,Anosimiarinimerina,Sabotsy Namehana,Antananarivo Avaradrano
117070005,Anosimasina,Bemasoandro,Antananarivo Atsimondrano
102350006,Anosimanjaka,Viliahazo,Antananarivo Avaradrano
103130006,Anosimanjaka,Ambohitrimanjaka,Ambohidratrimo
106011012,Anosimanarivo,Manjakandriana,Manjakandriana
107099012,Anosimanarivo,Ambongamarina,Anjozorobe
104190002,Anosikely Nord,Antakavana,Ankazobe
104170005,Anosikely,Ambolotarakely,Ankazobe
107230007,Anosikely,Ambatomanoina,Anjozorobe
101006014,Anosibe Zaivola,6e Arrondissement,6e Arrondissement
101004009,Anosibe Andrefana II,4e Arrondissement,4e Arrondissement
101004010,Anosibe Andrefana I,4e Arrondissement,4e Arrondissement
101004021,Anosibe Ambohibarikely,4e Arrondissement,4e Arrondissement
115170001,Anosibe,Anosibe Trimoloharano,Andramasina
117450004,Anosibe,Ambalavao,Antananarivo Atsimondrano
102319017,Anosiarivo,Ambohimanga Rova,Antananarivo Avaradrano
106011017,Anosiarivo,Manjakandriana,Manjakandriana
115071011,Anororo Centre,Alatsinainy Bakaro,Andramasina
103171018,Ankosy,Merimandroso,Ambohidratrimo
101003003,Ankorondrano Atsinanana,3e Arrondissement,3e Arrondissement
101003004,Ankorondrano Andrefana,3e Arrondissement,3e Arrondissement
101003002,Ankorondrano Andranomahery,3e Arrondissement,3e Arrondissement
117370002,Ankorondrano,Ampahitrosy,Antananarivo Atsimondrano
117430007,Ankorondrano,Tsiafahy,Antananarivo Atsimondrano
106090015,Ankorona,Alarobia,Manjakandriana
115010002,Ankorona,Andramasina,Andramasina
106371016,Ankorombe,Ambohitrolomahitsy,Manjakandriana
104170003,Ankorohoro,Ambolotarakely,Ankazobe
106351021,Ankomby,Ankazondandy,Manjakandriana
107350005,Ankokaina,Marotsipoy,Anjozorobe
106050002,Ankofika,Ambohibary,Manjakandriana
103270006,Ankodondona,Ambohimanjaka,Ambohidratrimo
103430005,Ankodondona,Avaratsena,Ambohidratrimo
107270002,Ankodondona,Amboasary Nord,Anjozorobe
101005020,Ankerana Ankadindramamy,5e Arrondissement,5e Arrondissement
106390014,Ankerana,Sadabe,Manjakandriana
106130006,Ankeramadinika,Ranovao,Manjakandriana
117150002,Ankeniheny Miray Hina,Tanjombato,Antananarivo Atsimondrano
106252003,Ankazotokana Nord,Ambohibao Sud,Manjakandriana
101002005,Ankazotokana Ambony,2e Arrondissement,2e Arrondissement
106251014,Ankazotokana,Ambatomena,Manjakandriana
117470004,Ankazotokana,Ambatofahavalo,Antananarivo Atsimondrano
101004032,Ankazotoho Anosimahavelona,4e Arrondissement,4e Arrondissement
117012007,Ankazotoho,Anosizato Andrefana,Antananarivo Atsimondrano
115092004,Ankazotelo,Tankafatra,Andramasina
107310012,Ankazongoaika,Ambohibary Vohilena,Anjozorobe
105130034,Ankazondandy,Imerintsiatosika,Arivonimamo
106351001,Ankazondandy,Ankazondandy,Manjakandriana
104071003,Ankazonaorina,Antotohazo,Ankazobe
103171017,Ankazomasina,Merimandroso,Ambohidratrimo
101006031,Ankazomanga Atsimo,6e Arrondissement,6e Arrondissement
101003005,Ankazomanga Andraharo,3e Arrondissement,3e Arrondissement
104010001,Ankazobe IIi,Ankazobe,Ankazobe
104010007,Ankazobe II,Ankazobe,Ankazobe
104010009,Ankazobe I,Ankazobe,Ankazobe
102010002,Ankazobe,Alasora,Antananarivo Avaradrano
102319008,Ankazobe,Ambohimanga Rova,Antananarivo Avaradrano
106030008,Ankazobe,Sambaina,Manjakandriana
117430015,Ankazobe,Tsiafahy,Antananarivo Atsimondrano
107170004,Ankazoandrano,Alakamisy,Anjozorobe
103030008,Ankazo,Anosiala,Ambohidratrimo
103150005,Ankazo,Mahitsy,Ambohidratrimo
115072006,Ankazo,Antotohazo,Andramasina
106371013,Ankatso,Ambohitrolomahitsy,Manjakandriana
101001020,Ankasina,1er Arrondissement,1er Arrondissement
117470002,Ankarefo,Ambatofahavalo,Antananarivo Atsimondrano
107070014,Ankaifotsy,Mangamila,Anjozorobe
103390015,Ankafotra,Ambato,Ambohidratrimo
106251005,Ankafotra,Ambatomena,Manjakandriana
106351023,Ankafotra,Ankazondandy,Manjakandriana
103050012,Ankadivory,Talatamaty,Ambohidratrimo
103070007,Ankadivory,Antehiroka,Ambohidratrimo
103310016,Ankadivory,Mahabo,Ambohidratrimo
106170005,Ankadivory,Nandihizana,Manjakandriana
107019015,Ankadivory,Anjozorobe,Anjozorobe
117312003,Ankadivory,Alakamisy Fenoarivo,Antananarivo Atsimondrano
117410008,Ankadivory,Androhibe,Antananarivo Atsimondrano
117470001,Ankadivoribe Faravohitra,Ambatofahavalo,Antananarivo Atsimondrano
102379008,Ankadivoribe Avaratra,Talata Volonondry,Antananarivo Avaradrano
117210001,Ankadivoribe,Soalandy,Antananarivo Atsimondrano
117350012,Ankadivola,Ambohijanaka,Antananarivo Atsimondrano
101003032,Ankadivato IIl,3e Arrondissement,3e Arrondissement
101004030,Ankaditoho Marohoho,4e Arrondissement,4e Arrondissement
101003016,Ankaditapaka Avaratra,3e Arrondissement,3e Arrondissement
117011007,Ankaditany,Ampitatafika,Antananarivo Atsimondrano
103350004,Ankadisarotra,Antanetibe,Ambohidratrimo
103111005,Ankadindravola,Ivato Firaisana,Ambohidratrimo
102010006,Ankadindratombo,Alasora,Antananarivo Avaradrano
102099013,Ankadindambo,Ambohimangakely,Antananarivo Avaradrano
102430001,Ankadinandriana,Ankadinandriana,Antananarivo Avaradrano
117190005,Ankadinandriana,Ankaraobato,Antananarivo Atsimondrano
106272008,Ankadinanahary,Antsahalalina,Manjakandriana
106090013,Ankadimbazimba,Alarobia,Manjakandriana
106030014,Ankadimanga,Sambaina,Manjakandriana
101004015,Ankadilalana,4e Arrondissement,4e Arrondissement
117190007,Ankadilalampotsy,Ankaraobato,Antananarivo Atsimondrano
102039001,Ankadikely,Ankadikely Ilafy,Antananarivo Avaradrano
106030013,Ankadihambana,Sambaina,Manjakandriana
101003008,Ankadifotsy Befelatanana,3e Arrondissement,3e Arrondissement
101003015,Ankadifotsy Antanifotsy,3e Arrondissement,3e Arrondissement
103150004,Ankadifotsy,Mahitsy,Ambohidratrimo
103370011,Ankadifotsy,Ambohipihaonana,Ambohidratrimo
102390003,Ankadiefajoro Mavolamba,Anjeva Gara,Antananarivo Avaradrano
106170004,Ankadiefajoro,Nandihizana,Manjakandriana
103390012,Ankadibe,Ambato,Ambohidratrimo
102010012,Ankadiaivo,Alasora,Antananarivo Avaradrano
106390012,Anjozorofady,Sadabe,Manjakandriana
107019001,Anjozorobe,Anjozorobe,Anjozorobe
106110004,Anjozoro Est,Mantasoa,Manjakandriana
106190006,Anjozoro,Anjepy,Manjakandriana
115071019,Anjozoro,Alatsinainy Bakaro,Andramasina
103172004,Anjomakely,Ambatolampy,Ambohidratrimo
106330004,Anjomakely,Anjoma Betoho,Manjakandriana
117390001,Anjomakely,Bongatsara,Antananarivo Atsimondrano
117230012,Anjoma Fanamiana,Antanetikely,Antananarivo Atsimondrano
115071008,Anjoma Faliarivo,Alatsinainy Bakaro,Andramasina
106351006,Anjohy,Ankazondandy,Manjakandriana
104110010,Anjezika,Mahavelona,Ankazobe
102390005,Anjeva Tanana,Anjeva Gara,Antananarivo Avaradrano
102390001,Anjeva Gara,Anjeva Gara,Antananarivo Avaradrano
106190001,Anjepy,Anjepy,Manjakandriana
103270007,Anjehivola,Ambohimanjaka,Ambohidratrimo
103030001,Anjanamasina,Anosiala,Ambohidratrimo
117250002,Anjanamanoro,Alatsinainy Ambazaha,Antananarivo Atsimondrano
101006020,Anjanakomboro,6e Arrondissement,6e Arrondissement
101005015,Anjanahary IIs,5e Arrondissement,5e Arrondissement
101005016,Anjanahary IIo,5e Arrondissement,5e Arrondissement
101005018,Anjanahary IIn,5e Arrondissement,5e Arrondissement
101005017,Anjanahary IIa,5e Arrondissement,5e Arrondissement
117130001,Anjanadrambony,Ambavahaditokana,Antananarivo Atsimondrano
103410001,Anjanadoria,Anjanadoria,Ambohidratrimo
117110002,Anjakaivo,Itaosy,Antananarivo Atsimondrano
106230010,Angodongodona,Ambohitrandriamanitra,Manjakandriana
115170005,Angodongodona,Anosibe Trimoloharano,Andramasina
106170008,Angavokely,Nandihizana,Manjakandriana
101004026,Angarangarana,4e Arrondissement,4e Arrondissement
106330006,Anerinerina,Anjoma Betoho,Manjakandriana
106090009,Anerindrano,Alarobia,Manjakandriana
115031002,Anempoka,Sabotsy Ambohitromby,Andramasina
107290001,Androvakely,Androvakely,Anjozorobe
104030012,Androva Atsimo,Talata Angavo,Ankazobe
104130004,Androva,Fiadanana,Ankazobe
102039014,Andrononobe,Ankadikely Ilafy,Antananarivo Avaradrano
101002024,Androndrakely Saropody Antonta,2e Arrondissement,2e Arrondissement
101002023,Androndrabe Ampamantanana Ambo,2e Arrondissement,2e Arrondissement
101005003,Androhibe,5e Arrondissement,5e Arrondissement
103210004,Androhibe,Ampanotokana,Ambohidratrimo
117410001,Androhibe,Androhibe,Antananarivo Atsimondrano
103130018,Andringitana,Ambohitrimanjaka,Ambohidratrimo
104072004,Andriavato Masindray,Marondry,Ankazobe
104090006,Andriatsibibiarivony,Fihaonana,Ankazobe
105170007,Andriatompoiray,Ambatomirahavavy,Arivonimamo
104230009,Andriateiara,Miantso,Ankazobe
115170006,Andriantsiazo,Anosibe Trimoloharano,Andramasina
103310004,Andriantsampana,Mahabo,Ambohidratrimo
104110019,Andrianony Manjaka,Mahavelona,Ankazobe
106090003,Andrianony,Alarobia,Manjakandriana
104110007,Andrianondrana,Mahavelona,Ankazobe
102350003,Andriankely,Viliahazo,Antananarivo Avaradrano
102430017,Andriampamaky,Ankadinandriana,Antananarivo Avaradrano
106290001,Andriampamaky,Ambohitrony,Manjakandriana
104210003,Andriamenakely,Kiangara,Ankazobe
106110002,Andriambazaha,Mantasoa,Manjakandriana
103310007,Andriamasy,Mahabo,Ambohidratrimo
106351013,Andriakely Nord,Ankazondandy,Manjakandriana
106390008,Andriakely,Sadabe,Manjakandriana
115091013,Andrere,Ambohimiadana,Andramasina
102079020,Andrefantsena,Sabotsy Namehana,Antananarivo Avaradrano
117311010,Andrefankady Ambonisaha,Fenoarivo,Antananarivo Atsimondrano
106110011,Andrefanivorona,Mantasoa,Manjakandriana
101004020,Andrefan'i Mananjara,4e Arrondissement,4e Arrondissement
117430003,Andrefandrano,Tsiafahy,Antananarivo Atsimondrano
101004031,Andrefan'ankadimbahoaka,4e Arrondissement,4e Arrondissement
101004011,Andrefan'ambohijanahary IIIH-I,4e Arrondissement,4e Arrondissement
101004001,Andrefan'ambohijanahary IIIG-I,4e Arrondissement,4e Arrondissement
103150031,Andrefambohitra,Mahitsy,Ambohidratrimo
104230011,Andrefambato,Miantso,Ankazobe
107310013,Andrebakely,Ambohibary Vohilena,Anjozorobe
107099003,Andreba,Ambongamarina,Anjozorobe
101003010,Andravoahangy Tsena,3e Arrondissement,3e Arrondissement
101003020,Andravoahangy Atsinanana,3e Arrondissement,3e Arrondissement
101003018,Andravoahangy Andrefana,3e Arrondissement,3e Arrondissement
117290005,Andravako,Ankadimanga,Antananarivo Atsimondrano
115031008,Andrataninandro,Sabotsy Ambohitromby,Andramasina
102430010,Andraravola,Ankadinandriana,Antananarivo Avaradrano
103310002,Andraonimanana,Mahabo,Ambohidratrimo
102039003,Andranovelona,Ankadikely Ilafy,Antananarivo Avaradrano
102430003,Andranovelona,Ankadinandriana,Antananarivo Avaradrano
103150016,Andranovelona,Mahitsy,Ambohidratrimo
103230004,Andranovelona,Mananjara,Ambohidratrimo
104090016,Andranovelona,Fihaonana,Ankazobe
106390004,Andranovelona,Sadabe,Manjakandriana
107211005,Andranovelona,Antanetibe,Anjozorobe
115050006,Andranovelona,Mandrosoa,Andramasina
102099012,Andranovao,Ambohimangakely,Antananarivo Avaradrano
117090005,Andranovaky,Fiombonana,Antananarivo Atsimondrano
102379013,Andranotsimihozo,Talata Volonondry,Antananarivo Avaradrano
106351011,Andranotsimihozo,Ankazondandy,Manjakandriana
102230002,Andranosoa,Ambohimalaza Miray,Antananarivo Avaradrano
103070009,Andranoro,Antehiroka,Ambohidratrimo
102230011,Andranonomby,Ambohimalaza Miray,Antananarivo Avaradrano
106030015,Andranonjaza,Sambaina,Manjakandriana
107130001,Andranonahoatra,Ambohimanarina Marovazaha,Anjozorobe
107290004,Andranonahoatra,Androvakely,Anjozorobe
117030001,Andranonahoatra,Andranonahoatra,Antananarivo Atsimondrano
102430006,Andranomonina,Ankadinandriana,Antananarivo Avaradrano
106371003,Andranomody,Ambohitrolomahitsy,Manjakandriana
107250002,Andranomisa Ambany,Amparatanjona,Anjozorobe
104150009,Andranomiely Sud,Tsaramasoandro,Ankazobe
104150003,Andranomiely Nord,Tsaramasoandro,Ankazobe
107310005,Andranomiantra,Ambohibary Vohilena,Anjozorobe
101006005,Andranomena,6e Arrondissement,6e Arrondissement
107019024,Andranomay,Anjozorobe,Anjozorobe
103270005,Andranomasina,Ambohimanjaka,Ambohidratrimo
102279002,Andranomanjaka,Fiaferana,Antananarivo Avaradrano
106011007,Andranomangatsiaka,Manjakandriana,Manjakandriana
101001019,Andranomanalina Isotry,1er Arrondissement,1er Arrondissement
101001018,Andranomanalina I,1er Arrondissement,1er Arrondissement
101001017,Andranomanalina Afovoany,1er Arrondissement,1er Arrondissement
106390005,Andranomalaza,Sadabe,Manjakandriana
107310015,Andranomalama,Ambohibary Vohilena,Anjozorobe
115071020,Andranomainty,Alatsinainy Bakaro,Andramasina
103410004,Andranomaintso,Anjanadoria,Ambohidratrimo
103130007,Andranomahitsy,Ambohitrimanjaka,Ambohidratrimo
107170005,Andranomadio,Alakamisy,Anjozorobe
107211008,Andranomadio,Antanetibe,Anjozorobe
106351025,Andranolava,Ankazondandy,Manjakandriana
107019019,Andranokotona,Anjozorobe,Anjozorobe
102350007,Andranohandrona,Viliahazo,Antananarivo Avaradrano
117230010,Andranofotsy,Antanetikely,Antananarivo Atsimondrano
104090003,Andranofotsifandrosoana,Fihaonana,Ankazobe
115092009,Andranofankatia,Tankafatra,Andramasina
106012008,Andranobe,Ambatolaona,Manjakandriana
115010001,Andramasina,Andramasina,Andramasina
102050010,Andramanonga,Ambohimanambola,Antananarivo Avaradrano
103210005,Andralantoina,Ampanotokana,Ambohidratrimo
103030012,Andrakaja,Anosiala,Ambohidratrimo
101005026,Andraisoro,5e Arrondissement,5e Arrondissement
104230010,Andraiso,Miantso,Ankazobe
106371006,Andrainarivo,Ambohitrolomahitsy,Manjakandriana
106230006,Andraihoja,Ambohitrandriamanitra,Manjakandriana
101006030,Andraharo,6e Arrondissement,6e Arrondissement
106050003,Andrafy,Ambohibary,Manjakandriana
106351019,Andozoka,Ankazondandy,Manjakandriana
117470003,Andohavary,Ambatofahavalo,Antananarivo Atsimondrano
101001016,Andohatapenaka IIi,1er Arrondissement,1er Arrondissement
101001015,Andohatapenaka II,1er Arrondissement,1er Arrondissement
101001014,Andohatapenaka I,1er Arrondissement,1er Arrondissement
115032001,Andohariana,Andohariana,Andramasina
115092010,Andohariana,Tankafatra,Andramasina
117170001,Andoharanofotsy,Andoharanofotsy,Antananarivo Atsimondrano
103210016,Andohanimasina,Ampanotokana,Ambohidratrimo
101002013,Andohan'i Mandroseza Ambohibat,2e Arrondissement,2e Arrondissement
101002016,Andohamandry,2e Arrondissement,2e Arrondissement
117290006,Andohalafy,Ankadimanga,Antananarivo Atsimondrano
107150004,Andohala,Betatao,Anjozorobe
115110008,Andobo,Alarobia Vatosola,Andramasina
106090014,Andidy,Alarobia,Manjakandriana
102079007,Andidiana,Sabotsy Namehana,Antananarivo Avaradrano
101001013,Andavamamba Anjezika II,1er Arrondissement,1er Arrondissement
101001012,Andavamamba Anjezika I,1er Arrondissement,1er Arrondissement
101001011,Andavamamba Anatihazo II,1er Arrondissement,1er Arrondissement
101001010,Andavamamba Anatihazo I,1er Arrondissement,1er Arrondissement
101004008,Andavamamba Ambilanibe,4e Arrondissement,4e Arrondissement
104050004,Andavak'ambohimanga,Ambohitromby,Ankazobe
105130036,Andavaka Loharano,Imerintsiatosika,Arivonimamo
107310009,Andavabary,Ambohibary Vohilena,Anjozorobe
106352008,Andasinimiaramila,Soavinandriana,Manjakandriana
107019022,Andasiniboata,Anjozorobe,Anjozorobe
106012002,Andasibe Avaratra,Ambatolaona,Manjakandriana
107110001,Andanona,Tsarasaotra,Anjozorobe
106150012,Andandemy,Miadanandriana,Manjakandriana
107230002,Andakana,Ambatomanoina,Anjozorobe
103111002,Andafiavaratra Tanambao,Ivato Firaisana,Ambohidratrimo
101002008,Andafiavaratra Ambavahadimitaf,2e Arrondissement,2e Arrondissement
102039011,Andafiavaratra,Ankadikely Ilafy,Antananarivo Avaradrano
117150004,Andafiatsimo Mijoro,Tanjombato,Antananarivo Atsimondrano
101001009,Anatihazo Isotry,1er Arrondissement,1er Arrondissement
107070008,Analavinidy,Mangamila,Anjozorobe
106351004,Analatsara,Ankazondandy,Manjakandriana
107190001,Analaroa,Analaroa,Anjozorobe
117330005,Analapanga,Soavina,Antananarivo Atsimondrano
115092005,Analandambo,Tankafatra,Andramasina
107170003,Analanakondro,Alakamisy,Anjozorobe
104150006,Analamirafy,Tsaramasoandro,Ankazobe
115130007,Analamilona,Fitsinjovana Bakaro,Andramasina
115092013,Analamihoatra,Tankafatra,Andramasina
115071010,Analamerana Antambiazina,Alatsinainy Bakaro,Andramasina
106371017,Analamanjaka,Ambohitrolomahitsy,Manjakandriana
101005009,Analamahitsy Tanana,5e Arrondissement,5e Arrondissement
101005008,Analamahitsy Cite,5e Arrondissement,5e Arrondissement
103310014,Analamahitsy,Mahabo,Ambohidratrimo
106371011,Analakely Avaratra,Ambohitrolomahitsy,Manjakandriana
106371020,Analakely Atsimo,Ambohitrolomahitsy,Manjakandriana
107070012,Analabe,Mangamila,Anjozorobe
103190012,Anakakondro,Ampangabe,Ambohidratrimo
107070016,Ampotaka,Mangamila,Anjozorobe
106371009,Ampohibe,Ambohitrolomahitsy,Manjakandriana
117011001,Ampitatafika Vaovao,Ampitatafika,Antananarivo Atsimondrano
105130008,Ampitanomby,Imerintsiatosika,Arivonimamo
103130021,Ampiriaka,Ambohitrimanjaka,Ambohidratrimo
103330003,Ampilanonana,Mahereza,Ambohidratrimo
107019017,Ampilanonana,Anjozorobe,Anjozorobe
115071016,Ampihiaka,Alatsinainy Bakaro,Andramasina
106011001,Ampiadianombalahy,Manjakandriana,Manjakandriana
106290005,Ampiadianombalahy,Ambohitrony,Manjakandriana
106330005,Ampiadanana,Anjoma Betoho,Manjakandriana
101006003,Ampefiloha Ankeniheny,6e Arrondissement,6e Arrondissement
103290003,Ampefiloha,Fiadanana,Ambohidratrimo
117012002,Ampefiloha,Anosizato Andrefana,Antananarivo Atsimondrano
117230003,Ampefiloha,Antanetikely,Antananarivo Atsimondrano
117311006,Ampefiloha,Fenoarivo,Antananarivo Atsimondrano
107110006,Ampatsikahitra,Tsarasaotra,Anjozorobe
103410009,Ampataka,Anjanadoria,Ambohidratrimo
106230014,Ampataka,Ambohitrandriamanitra,Manjakandriana
107270006,Ampasika,Amboasary Nord,Anjozorobe
107099010,Amparihy,Ambongamarina,Anjozorobe
107370007,Amparihimaromaso,Beronono,Anjozorobe
104130003,Amparihikambana,Fiadanana,Ankazobe
107230004,Amparihibe,Ambatomanoina,Anjozorobe
101001007,Amparibe Ambohidahy Mahamasina,1er Arrondissement,1er Arrondissement
103210023,Amparibe,Ampanotokana,Ambohidratrimo
107250001,Amparatanjona Ambony,Amparatanjona,Anjozorobe
107250007,Amparatanjona Ambany,Amparatanjona,Anjozorobe
103370006,Amparafaravato,Ambohipihaonana,Ambohidratrimo
102379002,Amparafara,Talata Volonondry,Antananarivo Avaradrano
117230013,Ampany,Antanetikely,Antananarivo Atsimondrano
101005024,Ampanotokana,5e Arrondissement,5e Arrondissement
103210015,Ampanotokana,Ampanotokana,Ambohidratrimo
103390006,Ampanotokana,Ambato,Ambohidratrimo
103130004,Ampanomahitsy,Ambohitrimanjaka,Ambohidratrimo
102410003,Ampanobe,Masindray,Antananarivo Avaradrano
105170008,Ampano,Ambatomirahavavy,Arivonimamo
104150002,Ampanikely,Tsaramasoandro,Ankazobe
115092007,Ampangabe II,Tankafatra,Andramasina
115092006,Ampangabe I,Tankafatra,Andramasina
101004004,Ampangabe Anjanakinifolo,4e Arrondissement,4e Arrondissement
103190001,Ampangabe,Ampangabe,Ambohidratrimo
117450015,Ampangabe,Ambalavao,Antananarivo Atsimondrano
106372001,Ampaneva,Ampaneva,Manjakandriana
117270001,Ampanefy,Ampanefy,Antananarivo Atsimondrano
117270003,Ampandrotrarana,Ampanefy,Antananarivo Atsimondrano
103190007,Ampandrilaza,Ampangabe,Ambohidratrimo
101006007,Ampandriambehivavy,6e Arrondissement,6e Arrondissement
101003026,Ampandrana Besarety,3e Arrondissement,3e Arrondissement
101003031,Ampandrana Atsinanana,3e Arrondissement,3e Arrondissement
101001006,Ampandrana Ankadivato,1er Arrondissement,1er Arrondissement
101003029,Ampandrana Andrefana,3e Arrondissement,3e Arrondissement
106050010,Ampanazava,Ambohibary,Manjakandriana
106390013,Ampanazava,Sadabe,Manjakandriana
103210013,Ampanataovana Avaratra,Ampanotokana,Ambohidratrimo
103210024,Ampanataovana Atsimo,Ampanotokana,Ambohidratrimo
102379010,Ampanataovana,Talata Volonondry,Antananarivo Avaradrano
103010004,Ampanataovana,Ambohidratrimo,Ambohidratrimo
106150002,Ampanataovana,Miadanandriana,Manjakandriana
115130006,Ampanataovana,Fitsinjovana Bakaro,Andramasina
117230011,Ampanataovana,Antanetikely,Antananarivo Atsimondrano
117230002,Ampanaosoa,Antanetikely,Antananarivo Atsimondrano
107230005,Ampananganana,Ambatomanoina,Anjozorobe
107099011,Ampamoha,Ambongamarina,Anjozorobe
117370003,Ampamoabe,Ampahitrosy,Antananarivo Atsimondrano
103171004,Ampamaho,Merimandroso,Ambohidratrimo
102430009,Ampahitrosy,Ankadinandriana,Antananarivo Avaradrano
117370001,Ampahitrosy,Ampahitrosy,Antananarivo Atsimondrano
106371007,Ampahitrizina,Ambohitrolomahitsy,Manjakandriana
102390006,Ampahimasina,Anjeva Gara,Antananarivo Avaradrano
103370005,Ampahimaro,Ambohipihaonana,Ambohidratrimo
102050005,Ampahimanga,Ambohimanambola,Antananarivo Avaradrano
103252004,Ampahimanga,Antsahafilo,Ambohidratrimo
102379015,Ampahidralambo,Talata Volonondry,Antananarivo Avaradrano
101003033,Ampahibe,3e Arrondissement,3e Arrondissement
103130012,Ampahibe,Ambohitrimanjaka,Ambohidratrimo
102010015,Ampahibato,Alasora,Antananarivo Avaradrano
104010004,Ampahadiminy,Ankazobe,Ankazobe
102079013,Amorondria,Sabotsy Namehana,Antananarivo Avaradrano
102099017,Amoronakona,Ambohimangakely,Antananarivo Avaradrano
101006011,Amorona,6e Arrondissement,6e Arrondissement
102410008,Aminampanga,Masindray,Antananarivo Avaradrano
115032002,Amby,Andohariana,Andramasina
102350008,Ambovona Atsimo,Viliahazo,Antananarivo Avaradrano
103010009,Ambovo,Ambohidratrimo,Ambohidratrimo
103050001,Amboropotsy,Talatamaty,Ambohidratrimo
106230015,Amboronosy,Ambohitrandriamanitra,Manjakandriana
107099002,Amborompotsy,Ambongamarina,Anjozorobe
103410013,Amboniriana,Anjanadoria,Ambohidratrimo
105170015,Amboniriana,Ambatomirahavavy,Arivonimamo
106130003,Amboniriana,Ranovao,Manjakandriana
107099005,Ambonindriana,Ambongamarina,Anjozorobe
103171005,Amboniloha,Merimandroso,Ambohidratrimo
103210027,Amboniavaratra,Ampanotokana,Ambohidratrimo
117450012,Amboniandrefana,Ambalavao,Antananarivo Atsimondrano
107330006,Amboniakondro Est,Ambohimirary,Anjozorobe
107230010,Amboniakondro,Ambatomanoina,Anjozorobe
107099001,Ambongamarina,Ambongamarina,Anjozorobe
107099009,Ambongabe,Ambongamarina,Anjozorobe
106030012,Ambondrona,Sambaina,Manjakandriana
104170001,Ambolotarakely,Ambolotarakely,Ankazobe
104150010,Ambolotarabe,Tsaramasoandro,Ankazobe
101002012,Ambolokandrina 5a,2e Arrondissement,2e Arrondissement
102379004,Ambolo,Talata Volonondry,Antananarivo Avaradrano
117390006,Ambolamena,Bongatsara,Antananarivo Atsimondrano
106150001,Ambohitsoabe,Miadanandriana,Manjakandriana
101002022,Ambohitsoa Ankazolava Antanamb,2e Arrondissement,2e Arrondissement
102210003,Ambohitsoa,Manandriana,Antananarivo Avaradrano
103171020,Ambohitsoa,Merimandroso,Ambohidratrimo
106271003,Ambohitsoa,Ambohitseheno,Manjakandriana
107370005,Ambohitsoa,Beronono,Anjozorobe
115071012,Ambohitsoa,Alatsinainy Bakaro,Andramasina
115170002,Ambohitsoa,Anosibe Trimoloharano,Andramasina
117270006,Ambohitsoa,Ampanefy,Antananarivo Atsimondrano
117230006,Ambohitsitakatra,Antanetikely,Antananarivo Atsimondrano
107370004,Ambohitsitaitaika,Beronono,Anjozorobe
101002004,Ambohitsiroa Vn,2e Arrondissement,2e Arrondissement
103010002,Ambohitsiroa,Ambohidratrimo,Ambohidratrimo
103030010,Ambohitsiroa,Anosiala,Ambohidratrimo
106150009,Ambohitsinanana,Miadanandriana,Manjakandriana
107070015,Ambohitsimiray,Mangamila,Anjozorobe
107190002,Ambohitsimenaloha,Analaroa,Anjozorobe
103030003,Ambohitsimeloka,Anosiala,Ambohidratrimo
106070004,Ambohitsimeloka,Ambatomanga,Manjakandriana
103230002,Ambohitsilaizina,Mananjara,Ambohidratrimo
117450011,Ambohitsilaizina,Ambalavao,Antananarivo Atsimondrano
106271001,Ambohitseheno,Ambohitseheno,Manjakandriana
103290008,Ambohitsaratelo,Fiadanana,Ambohidratrimo
105130029,Ambohitsaratelo,Imerintsiatosika,Arivonimamo
106351015,Ambohitsaratany,Ankazondandy,Manjakandriana
107019016,Ambohitsaratany,Anjozorobe,Anjozorobe
107070013,Ambohitsaratany,Mangamila,Anjozorobe
107130005,Ambohitsaratany,Ambohimanarina Marovazaha,Anjozorobe
102430005,Ambohitsararay,Ankadinandriana,Antananarivo Avaradrano
106330007,Ambohitsararay,Anjoma Betoho,Manjakandriana
107270007,Ambohitsambo,Amboasary Nord,Anjozorobe
106290003,Ambohitrony,Ambohitrony,Manjakandriana
102010020,Ambohitromby,Alasora,Antananarivo Avaradrano
102430011,Ambohitromby,Ankadinandriana,Antananarivo Avaradrano
104050001,Ambohitromby,Ambohitromby,Ankazobe
115031003,Ambohitromby,Sabotsy Ambohitromby,Andramasina
102099007,Ambohitrombihavana,Ambohimangakely,Antananarivo Avaradrano
106150006,Ambohitrombalahy,Miadanandriana,Manjakandriana
104210009,Ambohitrolomahitsy,Kiangara,Ankazobe
106371001,Ambohitrolomahitsy,Ambohitrolomahitsy,Manjakandriana
102079004,Ambohitrinimanga,Sabotsy Namehana,Antananarivo Avaradrano
103210026,Ambohitrinilanitra,Ampanotokana,Ambohidratrimo
103330006,Ambohitrinilahy,Mahereza,Ambohidratrimo
106110007,Ambohitrinibe II,Mantasoa,Manjakandriana
106230001,Ambohitrinibe I,Ambohitrandriamanitra,Manjakandriana
103030009,Ambohitrinibe,Anosiala,Ambohidratrimo
103270004,Ambohitrinibe,Ambohimanjaka,Ambohidratrimo
102279006,Ambohitriniandriana,Fiaferana,Antananarivo Avaradrano
102319002,Ambohitrimo,Ambohimanga Rova,Antananarivo Avaradrano
107350004,Ambohitrimarofotsy,Marotsipoy,Anjozorobe
104110012,Ambohitrimangalaza,Mahavelona,Ankazobe
106371010,Ambohitrerana,Ambohitrolomahitsy,Manjakandriana
102230009,Ambohitremo,Ambohimalaza Miray,Antananarivo Avaradrano
106371019,Ambohitraza,Ambohitrolomahitsy,Manjakandriana
106110005,Ambohitravoko,Mantasoa,Manjakandriana
106251008,Ambohitravoko,Ambatomena,Manjakandriana
103050006,Ambohitravao,Talatamaty,Ambohidratrimo
106170002,Ambohitravao,Nandihizana,Manjakandriana
107130007,Ambohitratsery,Ambohimanarina Marovazaha,Anjozorobe
102039012,Ambohitrarahaba,Ankadikely Ilafy,Antananarivo Avaradrano
102379028,Ambohitrantenaina,Talata Volonondry,Antananarivo Avaradrano
105130026,Ambohitrantenaina,Imerintsiatosika,Arivonimamo
102379007,Ambohitrangano,Talata Volonondry,Antananarivo Avaradrano
102230005,Ambohitrandriana,Ambohimalaza Miray,Antananarivo Avaradrano
106090006,Ambohitrandriana,Alarobia,Manjakandriana
115150006,Ambohitrandriana,Sabotsy Manjakavahoaka,Andramasina
102319013,Ambohitrandriamanjaka,Ambohimanga Rova,Antananarivo Avaradrano
106230004,Ambohitrandriamanitra,Ambohitrandriamanitra,Manjakandriana
106390009,Ambohitrandriamamba,Sadabe,Manjakandriana
106351024,Ambohitrandraina,Ankazondandy,Manjakandriana
115010005,Ambohitrandraina,Andramasina,Andramasina
104010003,Ambohitrampovoany,Ankazobe,Ankazobe
107310014,Ambohitrampovoany,Ambohibary Vohilena,Anjozorobe
103310013,Ambohitrakoho,Mahabo,Ambohidratrimo
101003030,Ambohitrakely,3e Arrondissement,3e Arrondissement
106251006,Ambohitrakely,Ambatomena,Manjakandriana
106371008,Ambohitrakely,Ambohitrolomahitsy,Manjakandriana
106351018,Ambohitrakatso,Ankazondandy,Manjakandriana
115072004,Ambohitrakanga,Antotohazo,Andramasina
103350015,Ambohitraivo,Antanetibe,Ambohidratrimo
106230009,Ambohitraivo,Ambohitrandriamanitra,Manjakandriana
102039005,Ambohitraina,Ankadikely Ilafy,Antananarivo Avaradrano
102430012,Ambohitraina,Ankadinandriana,Antananarivo Avaradrano
104090009,Ambohitraina,Fihaonana,Ankazobe
115071018,Ambohitra Bemahatazana,Alatsinainy Bakaro,Andramasina
106252002,Ambohitra,Ambohibao Sud,Manjakandriana
102350001,Ambohitompo,Viliahazo,Antananarivo Avaradrano
106271010,Ambohitantara,Ambohitseheno,Manjakandriana
102010014,Ambohitanety,Alasora,Antananarivo Avaradrano
101002015,Ambohipotsy Ambohimitsimbina A,2e Arrondissement,2e Arrondissement
103171006,Ambohipoloalina,Merimandroso,Ambohidratrimo
101002014,Ambohipo Tanana Ampahateza And,2e Arrondissement,2e Arrondissement
103370001,Ambohipihaonana,Ambohipihaonana,Ambohidratrimo
106351005,Ambohipihaonana,Ankazondandy,Manjakandriana
103030015,Ambohipiara,Anosiala,Ambohidratrimo
102099003,Ambohipiainana,Ambohimangakely,Antananarivo Avaradrano
104090018,Ambohipiainana,Fihaonana,Ankazobe
102050003,Ambohipeno,Ambohimanambola,Antananarivo Avaradrano
106150013,Ambohipeno,Miadanandriana,Manjakandriana
117110004,Ambohiparaky,Itaosy,Antananarivo Atsimondrano
102039004,Ambohipanja,Ankadikely Ilafy,Antananarivo Avaradrano
102210002,Ambohipananina,Manandriana,Antananarivo Avaradrano
117011012,Ambohipamonjy,Ampitatafika,Antananarivo Atsimondrano
103172003,Ambohinome,Ambatolampy,Ambohidratrimo
106150007,Ambohinofono,Miadanandriana,Manjakandriana
107019005,Ambohinierenana,Anjozorobe,Anjozorobe
102079018,Ambohinaorina,Sabotsy Namehana,Antananarivo Avaradrano
103290002,Ambohinaorina,Fiadanana,Ambohidratrimo
104210002,Ambohinaorina,Kiangara,Ankazobe
106230013,Ambohinaorina,Ambohitrandriamanitra,Manjakandriana
103090007,Ambohinanjakana,Iarinarivo,Ambohidratrimo
103050011,Ambohinambo,Talatamaty,Ambohidratrimo
103030005,Ambohimpanasina,Anosiala,Ambohidratrimo
104050005,Ambohimora,Ambohitromby,Ankazobe
103390011,Ambohimitsinjorano,Ambato,Ambohidratrimo
107211010,Ambohimitsinjorano,Antanetibe,Anjozorobe
101006023,Ambohimitsinjo,6e Arrondissement,6e Arrondissement
103370009,Ambohimitsinjo,Ambohipihaonana,Ambohidratrimo
106130010,Ambohimirary Sud,Ranovao,Manjakandriana
101005023,Ambohimirary,5e Arrondissement,5e Arrondissement
107330001,Ambohimirary,Ambohimirary,Anjozorobe
103150008,Ambohimilemaka,Mahitsy,Ambohidratrimo
107099007,Ambohimijery,Ambongamarina,Anjozorobe
106130008,Ambohimihaza,Ranovao,Manjakandriana
106210009,Ambohimifangitra Ouest,Ambanitsena,Manjakandriana
106170010,Ambohimifangitra Atsinanana,Nandihizana,Manjakandriana
117290003,Ambohimidasy,Ankadimanga,Antananarivo Atsimondrano
107150006,Ambohimiarina,Betatao,Anjozorobe
117312004,Ambohimiariana,Alakamisy Fenoarivo,Antananarivo Atsimondrano
107099013,Ambohimiaramanana,Ambongamarina,Anjozorobe
106271005,Ambohimiara Sud,Ambohitseheno,Manjakandriana
101002018,Ambohimiandra Fenomanana Antsa,2e Arrondissement,2e Arrondissement
103190008,Ambohimiandra,Ampangabe,Ambohidratrimo
106090004,Ambohimiandra,Alarobia,Manjakandriana
117430004,Ambohimiadana Nord,Tsiafahy,Antananarivo Atsimondrano
105130027,Ambohimiadana II,Imerintsiatosika,Arivonimamo
101006022,Ambohimiadana Avaratra,6e Arrondissement,6e Arrondissement
101006025,Ambohimiadana Atsimo,6e Arrondissement,6e Arrondissement
117470005,Ambohimiadana Ambatofahavalo,Ambatofahavalo,Antananarivo Atsimondrano
102379003,Ambohimiadana,Talata Volonondry,Antananarivo Avaradrano
103210002,Ambohimiadana,Ampanotokana,Ambohidratrimo
104210007,Ambohimiadana,Kiangara,Ankazobe
106011006,Ambohimiadana,Manjakandriana,Manjakandriana
106130007,Ambohimiadana,Ranovao,Manjakandriana
106170009,Ambohimiadana,Nandihizana,Manjakandriana
115091001,Ambohimiadana,Ambohimiadana,Andramasina
117390002,Ambohimiadana,Bongatsara,Antananarivo Atsimondrano
103310015,Ambohimena,Mahabo,Ambohidratrimo
106070003,Ambohimbory Sud,Ambatomanga,Manjakandriana
104030007,Ambohimasina,Talata Angavo,Ankazobe
104130007,Ambohimasina,Fiadanana,Ankazobe
106050007,Ambohimasina,Ambohibary,Manjakandriana
107211009,Ambohimasina,Antanetibe,Anjozorobe
107310003,Ambohimasina,Ambohibary Vohilena,Anjozorobe
117312001,Ambohimasina,Alakamisy Fenoarivo,Antananarivo Atsimondrano
117210008,Ambohimasimbola,Soalandy,Antananarivo Atsimondrano
102279003,Ambohimarina Ouest,Fiaferana,Antananarivo Avaradrano
102279010,Ambohimarina Atsinanana,Fiaferana,Antananarivo Avaradrano
103270003,Ambohimarina Andrefana,Ambohimanjaka,Ambohidratrimo
102010016,Ambohimarina,Alasora,Antananarivo Avaradrano
102319014,Ambohimarina,Ambohimanga Rova,Antananarivo Avaradrano
103172005,Ambohimarina,Ambatolampy,Ambohidratrimo
103410003,Ambohimarina,Anjanadoria,Ambohidratrimo
104010008,Ambohimarina,Ankazobe,Ankazobe
115010008,Ambohimarina,Andramasina,Andramasina
117130006,Ambohimarina,Ambavahaditokana,Antananarivo Atsimondrano
104071004,Ambohimanoro,Antotohazo,Ankazobe
103270001,Ambohimanjaka,Ambohimanjaka,Ambohidratrimo
104210010,Ambohimanjaka,Kiangara,Ankazobe
106150014,Ambohimanjaka,Miadanandriana,Manjakandriana
106251010,Ambohimanjaka,Ambatomena,Manjakandriana
107250005,Ambohimanjaka,Amparatanjona,Anjozorobe
117011009,Ambohimangidy,Ampitatafika,Antananarivo Atsimondrano
107190008,Ambohimanganjafy,Analaroa,Anjozorobe
102099011,Ambohimangakely,Ambohimangakely,Antananarivo Avaradrano
102319004,Ambohimanga Rova,Ambohimanga Rova,Antananarivo Avaradrano
101006026,Ambohimandroso,6e Arrondissement,6e Arrondissement
102319005,Ambohimandroso,Ambohimanga Rova,Antananarivo Avaradrano
107070009,Ambohimandroso,Mangamila,Anjozorobe
107130008,Ambohimandroso,Ambohimanarina Marovazaha,Anjozorobe
117130004,Ambohimandroso,Ambavahaditokana,Antananarivo Atsimondrano
103150022,Ambohimandray,Mahitsy,Ambohidratrimo
117150003,Ambohimanatrika Mivoatra,Tanjombato,Antananarivo Atsimondrano
103150024,Ambohimanatrika,Mahitsy,Ambohidratrimo
103410002,Ambohimanatrika,Anjanadoria,Ambohidratrimo
106352009,Ambohimanatrika,Soavinandriana,Manjakandriana
104130005,Ambohimanarivo,Fiadanana,Ankazobe
105130006,Ambohimanarivo,Imerintsiatosika,Arivonimamo
106352002,Ambohimanarivo,Soavinandriana,Manjakandriana
106372002,Ambohimanarivo,Ampaneva,Manjakandriana
117470006,Ambohimanarivo,Ambatofahavalo,Antananarivo Atsimondrano
104030011,Ambohimanarina,Talata Angavo,Ankazobe
106371018,Ambohimanarina,Ambohitrolomahitsy,Manjakandriana
104110001,Ambohimanantsoa,Mahavelona,Ankazobe
106230011,Ambohimanantsoa,Ambohitrandriamanitra,Manjakandriana
103310006,Ambohimanantiana,Mahabo,Ambohidratrimo
103130017,Ambohimananjo,Ambohitrimanjaka,Ambohidratrimo
101006017,Ambohimanandray,6e Arrondissement,6e Arrondissement
105170012,Ambohimanandray,Ambatomirahavavy,Arivonimamo
106210002,Ambohimanandray,Ambanitsena,Manjakandriana
102050001,Ambohimanambola Gara,Ambohimanambola,Antananarivo Avaradrano
102050009,Ambohimanambola Firaisana,Ambohimanambola,Antananarivo Avaradrano
117170002,Ambohimanala,Andoharanofotsy,Antananarivo Atsimondrano
107019010,Ambohimamory,Anjozorobe,Anjozorobe
115150005,Ambohimamory,Sabotsy Manjakavahoaka,Andramasina
117030007,Ambohimamory,Andranonahoatra,Antananarivo Atsimondrano
117450007,Ambohimamory,Ambalavao,Antananarivo Atsimondrano
102230008,Ambohimalaza Miray,Ambohimalaza Miray,Antananarivo Avaradrano
115091008,Ambohimahitsy Telonorefy,Ambohimiadana,Andramasina
102099010,Ambohimahitsy,Ambohimangakely,Antananarivo Avaradrano
117011013,Ambohimahitsy,Ampitatafika,Antananarivo Atsimondrano
102379011,Ambohimahavelona,Talata Volonondry,Antananarivo Avaradrano
103150023,Ambohimahavelona,Mahitsy,Ambohidratrimo
102050002,Ambohimahatsinjo,Ambohimanambola,Antananarivo Avaradrano
102430007,Ambohimahatsinjo,Ankadinandriana,Antananarivo Avaradrano
106011002,Ambohimahandry,Manjakandriana,Manjakandriana
117250001,Ambohimahamanina,Alatsinainy Ambazaha,Antananarivo Atsimondrano
103330007,Ambohikely Sud,Mahereza,Ambohidratrimo
103210021,Ambohikely,Ampanotokana,Ambohidratrimo
117430006,Ambohikely,Tsiafahy,Antananarivo Atsimondrano
103390004,Ambohijorery,Ambato,Ambohidratrimo
107211004,Ambohijavona,Antanetibe,Anjozorobe
103350018,Ambohijatovo,Antanetibe,Ambohidratrimo
106230002,Ambohijatovo,Ambohitrandriamanitra,Manjakandriana
117311007,Ambohijatovo,Fenoarivo,Antananarivo Atsimondrano
102430013,Ambohijato,Ankadinandriana,Antananarivo Avaradrano
106150003,Ambohijanaka,Miadanandriana,Manjakandriana
106290002,Ambohijanaka,Ambohitrony,Manjakandriana
106390024,Ambohijanaka,Sadabe,Manjakandriana
115130002,Ambohijanaka,Fitsinjovana Bakaro,Andramasina
117350001,Ambohijanaka,Ambohijanaka,Antananarivo Atsimondrano
103070003,Ambohijanahary,Antehiroka,Ambohidratrimo
106150005,Ambohijanahary,Miadanandriana,Manjakandriana
106310003,Ambohijafy Est,Merikanjaka,Manjakandriana
106272007,Ambohijafy Avaratra,Antsahalalina,Manjakandriana
104030010,Ambohijafy,Talata Angavo,Ankazobe
106170007,Ambohijafy,Nandihizana,Manjakandriana
115010004,Ambohijafy,Andramasina,Andramasina
117070004,Ambohijafy,Bemasoandro,Antananarivo Atsimondrano
117311003,Ambohijafy,Fenoarivo,Antananarivo Atsimondrano
117270007,Ambohidronono,Ampanefy,Antananarivo Atsimondrano
101006006,Ambohidroa,6e Arrondissement,6e Arrondissement
104050010,Ambohidroa,Ambohitromby,Ankazobe
107310008,Ambohidrivotra,Ambohibary Vohilena,Anjozorobe
103190005,Ambohidreny,Ampangabe,Ambohidratrimo
102390004,Ambohidrazana,Anjeva Gara,Antananarivo Avaradrano
117311011,Ambohidrazana,Fenoarivo,Antananarivo Atsimondrano
102010009,Ambohidrazaka,Alasora,Antananarivo Avaradrano
103270002,Ambohidrazaka,Ambohimanjaka,Ambohidratrimo
103350002,Ambohidravaka,Antanetibe,Ambohidratrimo
103010001,Ambohidratrimo,Ambohidratrimo,Ambohidratrimo
117050003,Ambohidrapeto,Ambohidrapeto,Antananarivo Atsimondrano
106310002,Ambohidraondriana,Merikanjaka,Manjakandriana
115072002,Ambohidraondriana,Antotohazo,Andramasina
103350014,Ambohidranomanga,Antanetibe,Ambohidratrimo
105170006,Ambohidranomanga,Ambatomirahavavy,Arivonimamo
102350005,Ambohidrano Atsinanana,Viliahazo,Antananarivo Avaradrano
102079011,Ambohidrano,Sabotsy Namehana,Antananarivo Avaradrano
106210003,Ambohidralambo,Ambanitsena,Manjakandriana
103171009,Ambohidrakitra,Merimandroso,Ambohidratrimo
107230008,Ambohidrakitra,Ambatomanoina,Anjozorobe
106310008,Ambohidraisolo,Merikanjaka,Manjakandriana
102379017,Ambohidrabiby,Talata Volonondry,Antananarivo Avaradrano
102099006,Ambohidehilahy,Ambohimangakely,Antananarivo Avaradrano
103010005,Ambohidehilahy,Ambohidratrimo,Ambohidratrimo
105130007,Ambohidehibe,Imerintsiatosika,Arivonimamo
115071013,Ambohidavenona,Alatsinainy Bakaro,Andramasina
117290001,Ambohidavenona,Ankadimanga,Antananarivo Atsimondrano
117450010,Ambohidavenona,Ambalavao,Antananarivo Atsimondrano
106272003,Ambohidava Sud,Antsahalalina,Manjakandriana
103172002,Ambohidava,Ambatolampy,Ambohidratrimo
103330004,Ambohidava,Mahereza,Ambohidratrimo
106352004,Ambohidava,Soavinandriana,Manjakandriana
106272006,Ambohidanierana,Antsahalalina,Manjakandriana
106110003,Ambohidandy,Mantasoa,Manjakandriana
101005021,Ambohidahy,5e Arrondissement,5e Arrondissement
102319018,Ambohidahy,Ambohimanga Rova,Antananarivo Avaradrano
106110008,Ambohidahy,Mantasoa,Manjakandriana
117070006,Ambohidahy,Bemasoandro,Antananarivo Atsimondrano
117450005,Ambohidahy,Ambalavao,Antananarivo Atsimondrano
106230007,Ambohiby,Ambohitrandriamanitra,Manjakandriana
103171007,Ambohiborosy,Merimandroso,Ambohidratrimo
106011018,Ambohiboromanga,Manjakandriana,Manjakandriana
117430010,Ambohibololona,Tsiafahy,Antananarivo Atsimondrano
103210003,Ambohiboahangy,Ampanotokana,Ambohidratrimo
103350017,Ambohiboahangy,Antanetibe,Ambohidratrimo
106371015,Ambohibemasoandro,Ambohitrolomahitsy,Manjakandriana
115110004,Ambohibemanjaka,Alarobia Vatosola,Andramasina
107019012,Ambohibeloma,Anjozorobe,Anjozorobe
103310003,Ambohibehivavy,Mahabo,Ambohidratrimo
106210006,Ambohibehasina,Ambanitsena,Manjakandriana
104110016,Ambohibe Firaisantsoa,Mahavelona,Ankazobe
102039017,Ambohibe,Ankadikely Ilafy,Antananarivo Avaradrano
103150017,Ambohibe,Mahitsy,Ambohidratrimo
106230012,Ambohibe,Ambohitrandriamanitra,Manjakandriana
107019013,Ambohibazoina,Anjozorobe,Anjozorobe
102050007,Ambohibato,Ambohimanambola,Antananarivo Avaradrano
105170010,Ambohibato,Ambatomirahavavy,Arivonimamo
106070002,Ambohibary Est,Ambatomanga,Manjakandriana
106290004,Ambohibary Avaratra,Ambohitrony,Manjakandriana
107170002,Ambohibary Avaratra,Alakamisy,Anjozorobe
101003009,Ambohibary Antanimena,3e Arrondissement,3e Arrondissement
102079008,Ambohibary,Sabotsy Namehana,Antananarivo Avaradrano
102379024,Ambohibary,Talata Volonondry,Antananarivo Avaradrano
103190006,Ambohibary,Ampangabe,Ambohidratrimo
104050009,Ambohibary,Ambohitromby,Ankazobe
106050001,Ambohibary,Ambohibary,Manjakandriana
106190005,Ambohibary,Anjepy,Manjakandriana
106230005,Ambohibary,Ambohitrandriamanitra,Manjakandriana
106251013,Ambohibary,Ambatomena,Manjakandriana
107190005,Ambohibary,Analaroa,Anjozorobe
107310001,Ambohibary,Ambohibary Vohilena,Anjozorobe
117011011,Ambohibary,Ampitatafika,Antananarivo Atsimondrano
117410003,Ambohibary,Androhibe,Antananarivo Atsimondrano
117450008,Ambohibary,Ambalavao,Antananarivo Atsimondrano
107211006,Ambohibarikely,Antanetibe,Anjozorobe
117450014,Ambohibarikely,Ambalavao,Antananarivo Atsimondrano
103150029,Ambohibao Sud,Mahitsy,Ambohidratrimo
106252001,Ambohibao Sud,Ambohibao Sud,Manjakandriana
106351008,Ambohibao Nord,Ankazondandy,Manjakandriana
102379026,Ambohibao,Talata Volonondry,Antananarivo Avaradrano
103070001,Ambohibao,Antehiroka,Ambohidratrimo
103370010,Ambohibao,Ambohipihaonana,Ambohidratrimo
106011023,Ambohibao,Manjakandriana,Manjakandriana
117390003,Ambohibao,Bongatsara,Antananarivo Atsimondrano
117190002,Ambohibahiny,Ankaraobato,Antananarivo Atsimondrano
117430013,Ambohaja,Tsiafahy,Antananarivo Atsimondrano
117011008,Ambodizozoro,Ampitatafika,Antananarivo Atsimondrano
101006028,Ambodivonkely,6e Arrondissement,6e Arrondissement
106390021,Ambodivonkely,Sadabe,Manjakandriana
106251012,Ambodivondroa,Ambatomena,Manjakandriana
102010017,Ambodivondava,Alasora,Antananarivo Avaradrano
101003006,Ambodivona Ankadifotsy,3e Arrondissement,3e Arrondissement
101006013,Ambodivona,6e Arrondissement,6e Arrondissement
102079010,Ambodivona,Sabotsy Namehana,Antananarivo Avaradrano
103130020,Ambodivona,Ambohitrimanjaka,Ambohidratrimo
103171011,Ambodivona,Merimandroso,Ambohidratrimo
103310011,Ambodivona,Mahabo,Ambohidratrimo
103330005,Ambodivona,Mahereza,Ambohidratrimo
106190008,Ambodivona,Anjepy,Manjakandriana
106372005,Ambodivona,Ampaneva,Manjakandriana
117012006,Ambodivona,Anosizato Andrefana,Antananarivo Atsimondrano
117312002,Ambodivona,Alakamisy Fenoarivo,Antananarivo Atsimondrano
101005007,Ambodivoanjo Ambohijatovo Fara,5e Arrondissement,5e Arrondissement
102010008,Ambodivoanjo,Alasora,Antananarivo Avaradrano
103130025,Ambodivoanjo,Ambohitrimanjaka,Ambohidratrimo
117190003,Ambodivoanjo,Ankaraobato,Antananarivo Atsimondrano
117290002,Ambodivoanjo,Ankadimanga,Antananarivo Atsimondrano
103310018,Ambodivato,Mahabo,Ambohidratrimo
115010003,Ambodivato,Andramasina,Andramasina
115091005,Ambodivato,Ambohimiadana,Andramasina
101005011,Amboditsiry,5e Arrondissement,5e Arrondissement
102319022,Ambodisiarivo,Ambohimanga Rova,Antananarivo Avaradrano
103010007,Ambodisaha,Ambohidratrimo,Ambohidratrimo
101004002,Ambodirano Ampefiloha,4e Arrondissement,4e Arrondissement
103111004,Ambodirano,Ivato Firaisana,Ambohidratrimo
101006012,Ambodimita,6e Arrondissement,6e Arrondissement
103390003,Ambodimanga,Ambato,Ambohidratrimo
107230006,Ambodimanga,Ambatomanoina,Anjozorobe
107370003,Ambodimadiro,Beronono,Anjozorobe
101006029,Ambodihady,6e Arrondissement,6e Arrondissement
103150003,Ambodifiakarana,Mahitsy,Ambohidratrimo
107019018,Ambodifiakarana,Anjozorobe,Anjozorobe
103172008,Ambodifasina,Ambatolampy,Ambohidratrimo
117110005,Ambodifasika,Itaosy,Antananarivo Atsimondrano
102379022,Ambodifahitra,Talata Volonondry,Antananarivo Avaradrano
106150004,Ambodifahitra,Miadanandriana,Manjakandriana
117070002,Ambodiamberivatry,Bemasoandro,Antananarivo Atsimondrano
102379014,Ambodiala,Talata Volonondry,Antananarivo Avaradrano
106230008,Ambodiala,Ambohitrandriamanitra,Manjakandriana
117350011,Ambodiakondro,Ambohijanaka,Antananarivo Atsimondrano
117011003,Ambodiafontsy,Ampitatafika,Antananarivo Atsimondrano
101006009,Amboavahy,6e Arrondissement,6e Arrondissement
106251009,Amboatavo,Ambatomena,Manjakandriana
117130002,Amboatavo,Ambavahaditokana,Antananarivo Atsimondrano
103171016,Amboatany,Merimandroso,Ambohidratrimo
107270001,Amboasary Nord,Amboasary Nord,Anjozorobe
103090005,Amboasary,Iarinarivo,Ambohidratrimo
117230004,Amboasary,Antanetikely,Antananarivo Atsimondrano
101001008,Amboasarikely Ambatomena,1er Arrondissement,1er Arrondissement
107019020,Amboasarianala,Anjozorobe,Anjozorobe
102010013,Amboaroy,Alasora,Antananarivo Avaradrano
103070006,Amboaroy,Antehiroka,Ambohidratrimo
106390019,Amboarakely,Sadabe,Manjakandriana
107070010,Amboarakely,Mangamila,Anjozorobe
105130004,Amboara,Imerintsiatosika,Arivonimamo
107099008,Amboanonoka,Ambongamarina,Anjozorobe
115071007,Amboanjobe II,Alatsinainy Bakaro,Andramasina
115071006,Amboanjobe I,Alatsinainy Bakaro,Andramasina
106130009,Amboanjobe,Ranovao,Manjakandriana
115031005,Amboanjobe,Sabotsy Ambohitromby,Andramasina
117390005,Amboanjobe,Bongatsara,Antananarivo Atsimondrano
104030003,Amboanjo,Talata Angavo,Ankazobe
106030010,Amboanemba,Sambaina,Manjakandriana
106390020,Amboanemba,Sadabe,Manjakandriana
106352007,Amboahangy,Soavinandriana,Manjakandriana
103330002,Ambilany,Mahereza,Ambohidratrimo
115050005,Ambika,Mandrosoa,Andramasina
117330002,Ambihivy,Soavina,Antananarivo Atsimondrano
103150002,Amberomanga,Mahitsy,Ambohidratrimo
117390004,Amberokely,Bongatsara,Antananarivo Atsimondrano
104030008,Amberobe,Talata Angavo,Ankazobe
115091002,Amberobe,Ambohimiadana,Andramasina
106150010,Ambazaha,Miadanandriana,Manjakandriana
107350002,Ambavasambo,Marotsipoy,Anjozorobe
101001004,Ambatovinaky,1er Arrondissement,1er Arrondissement
106252004,Ambatovikinina,Ambohibao Sud,Manjakandriana
104110017,Ambatotsaraorina,Mahavelona,Ankazobe
103370003,Ambatotelo,Ambohipihaonana,Ambohidratrimo
101002010,Ambatoroka,2e Arrondissement,2e Arrondissement
107230003,Ambatonosy,Ambatomanoina,Anjozorobe
106090010,Ambatonikala,Alarobia,Manjakandriana
102379018,Ambatondralambo,Talata Volonondry,Antananarivo Avaradrano
103171019,Ambatonaorina,Merimandroso,Ambohidratrimo
101001003,Ambatonakanga Ambohitsorohitra,1er Arrondissement,1er Arrondissement
106012004,Ambatomivahy,Ambatolaona,Manjakandriana
101003023,Ambatomitsangana,3e Arrondissement,3e Arrondissement
102379025,Ambatomitsangana,Talata Volonondry,Antananarivo Avaradrano
103210014,Ambatomitsangana,Ampanotokana,Ambohidratrimo
104010014,Ambatomitsangana,Ankazobe,Ankazobe
107130006,Ambatomitsangana,Ambohimanarina Marovazaha,Anjozorobe
107310007,Ambatomitsangana,Ambohibary Vohilena,Anjozorobe
115130001,Ambatomitsangana,Fitsinjovana Bakaro,Andramasina
106371022,Ambatomitokona,Ambohitrolomahitsy,Manjakandriana
106371005,Ambatomiranty,Ambohitrolomahitsy,Manjakandriana
103210010,Ambatomirahavavy,Ampanotokana,Ambohidratrimo
105170001,Ambatomirahavavy,Ambatomirahavavy,Arivonimamo
117311004,Ambatomilona,Fenoarivo,Antananarivo Atsimondrano
103030007,Ambatomena,Anosiala,Ambohidratrimo
106251001,Ambatomena,Ambatomena,Manjakandriana
103350009,Ambatombositra,Antanetibe,Ambohidratrimo
103350006,Ambatomboahangy,Antanetibe,Ambohidratrimo
104010010,Ambatomasina,Ankazobe,Ankazobe
106272002,Ambatomasina,Antsahalalina,Manjakandriana
101005027,Ambatomaro Antsobolo,5e Arrondissement,5e Arrondissement
117210003,Ambatomanoina Lovasoa,Soalandy,Antananarivo Atsimondrano
107230001,Ambatomanoina,Ambatomanoina,Anjozorobe
103310010,Ambatomanjaka,Mahabo,Ambohidratrimo
106070001,Ambatomanga,Ambatomanga,Manjakandriana
103430007,Ambatomanana,Avaratsena,Ambohidratrimo
102010011,Ambatomalaza,Alasora,Antananarivo Avaradrano
102230010,Ambatomalaza,Ambohimalaza Miray,Antananarivo Avaradrano
117410007,Ambatomalaza,Androhibe,Antananarivo Atsimondrano
101005001,Ambatomainty,5e Arrondissement,5e Arrondissement
103090004,Ambatomainty,Iarinarivo,Ambohidratrimo
103130005,Ambatomainty,Ambohitrimanjaka,Ambohidratrimo
106390016,Ambatomainty,Sadabe,Manjakandriana
102379021,Ambatomahamanina,Talata Volonondry,Antananarivo Avaradrano
106030003,Ambatomafana,Sambaina,Manjakandriana
117430009,Ambatolokanga,Tsiafahy,Antananarivo Atsimondrano
106012001,Ambatolaona Ouest,Ambatolaona,Manjakandriana
106012005,Ambatolaona Est,Ambatolaona,Manjakandriana
103172001,Ambatolampy Tsimahafotsy,Ambatolampy,Ambohidratrimo
103130001,Ambatolampy Avaratra,Ambohitrimanjaka,Ambohidratrimo
103130023,Ambatolampy Atsimo,Ambohitrimanjaka,Ambohidratrimo
101006004,Ambatolampy,6e Arrondissement,6e Arrondissement
102210005,Ambatolampy,Manandriana,Antananarivo Avaradrano
106210004,Ambatolampy,Ambanitsena,Manjakandriana
115071003,Ambatolampy,Alatsinainy Bakaro,Andramasina
117350006,Ambatolampy,Ambohijanaka,Antananarivo Atsimondrano
106210007,Ambatokely,Ambanitsena,Manjakandriana
107310011,Ambatokely,Ambohibary Vohilena,Anjozorobe
101005022,Ambatokaranana,5e Arrondissement,5e Arrondissement
103390002,Ambatoharanana,Ambato,Ambohidratrimo
104190005,Ambatoharanana,Antakavana,Ankazobe
117430001,Ambatofotsy Gara,Tsiafahy,Antananarivo Atsimondrano
106390018,Ambatofotsy Atsinanana,Sadabe,Manjakandriana
102079009,Ambatofotsy,Sabotsy Namehana,Antananarivo Avaradrano
102230001,Ambatofotsy,Ambohimalaza Miray,Antananarivo Avaradrano
107290008,Ambatofotsy,Androvakely,Anjozorobe
115032003,Ambatofotsy,Andohariana,Andramasina
102390009,Ambatofolaka,Anjeva Gara,Antananarivo Avaradrano
106390010,Ambatofisaorana,Sadabe,Manjakandriana
103150030,Ambatofamamba,Mahitsy,Ambohidratrimo
101005010,Ambatobe,5e Arrondissement,5e Arrondissement
103150012,Ambatobe,Mahitsy,Ambohidratrimo
103190004,Ambatobe,Ampangabe,Ambohidratrimo
106272004,Ambatobe,Antsahalalina,Manjakandriana
107270005,Ambatobe,Amboasary Nord,Anjozorobe
107211002,Ambatoasana,Antanetibe,Anjozorobe
103390001,Ambato,Ambato,Ambohidratrimo
106090011,Ambato,Alarobia,Manjakandriana
107250006,Ambato,Amparatanjona,Anjozorobe
117370004,Ambarindehilahy,Ampahitrosy,Antananarivo Atsimondrano
103210009,Ambaribe,Ampanotokana,Ambohidratrimo
101006008,Ambaravarankazo,6e Arrondissement,6e Arrondissement
104130006,Ambararata,Fiadanana,Ankazobe
117330004,Ambanivohitra,Soavina,Antananarivo Atsimondrano
106210001,Ambanitsena,Ambanitsena,Manjakandriana
101004014,Ambanin'ampamarinana,4e Arrondissement,4e Arrondissement
103350010,Ambanimaso,Antanetibe,Ambohidratrimo
103390013,Ambanimaso,Ambato,Ambohidratrimo
117012005,Ambanimaso,Anosizato Andrefana,Antananarivo Atsimondrano
117030004,Ambanilalana,Andranonahoatra,Antananarivo Atsimondrano
106390017,Ambanilakandrano,Sadabe,Manjakandriana
117311009,Ambaniavaratra Ankadivory,Fenoarivo,Antananarivo Atsimondrano
117030006,Ambaniala,Andranonahoatra,Antananarivo Atsimondrano
101001002,Ambalavao Isotry,1er Arrondissement,1er Arrondissement
115010006,Ambalavao Firaisana,Andramasina,Andramasina
117450001,Ambalavao,Ambalavao,Antananarivo Atsimondrano
117470007,Ambalatokana,Ambatofahavalo,Antananarivo Atsimondrano
102350002,Ambahona,Viliahazo,Antananarivo Avaradrano
106310007,Ambahinia,Merikanjaka,Manjakandriana
105130035,Alatsinainy Loharano,Imerintsiatosika,Arivonimamo
115071001,Alatsinainy Bakaro,Alatsinainy Bakaro,Andramasina
103171010,Alatsinainy,Merimandroso,Ambohidratrimo
102010001,Alasora,Alasora,Antananarivo Avaradrano
115110001,Alarobia Vatosola,Alarobia Vatosola,Andramasina
101005005,Alarobia Amboniloha,5e Arrondissement,5e Arrondissement
103230005,Alarobia,Mananjara,Ambohidratrimo
106090001,Alarobia,Alarobia,Manjakandriana
107170001,Alakamisy,Alakamisy,Anjozorobe
117030002,Akany Sambatra,Andranonahoatra,Antananarivo Atsimondrano
117030005,Akany Firaisana,Andranonahoatra,Antananarivo Atsimondrano
101001034,67ha Avaratra Atsinanana,1er Arrondissement,1er Arrondissement
101001033,67ha Avaratra Andrefana,1er Arrondissement,1er Arrondissement
101001032,67ha Atsimo,1er Arrondissement,1er Arrondissement
101001031,67ha Afovoany Andrefana,1er Arrondissement,1er Arrondissement
